genome	trait	prediction	positive_probability	matched_features
GCA_000006985.1	acidophile	0	0.0805	394
GCA_000006985.1	gram-positive	0	0.04368173	424
GCA_000006985.1	spore-forming	0	0.03666667	410
GCA_000006985.1	aerobic	0	0.05385425	455
GCA_000006985.1	anaerobic	1	0.82086714	445
GCA_000006985.1	thermophile	0	0.40668938	440
GCA_000006985.1	psychrophile	0	0.0265929	440
GCA_000006985.1	motile2+	0	0.1515625	425
GCA_000007085.1	acidophile	0	0.03	498
GCA_000007085.1	gram-positive	1	0.52534755	523
GCA_000007085.1	spore-forming	1	0.55186856	541
GCA_000007085.1	aerobic	0	0.00831854	564
GCA_000007085.1	anaerobic	1	0.99196565	551
GCA_000007085.1	thermophile	1	0.81326992	531
GCA_000007085.1	psychrophile	0	0.0081044	531
GCA_000007085.1	motile2+	1	0.69099791	481
GCA_000007345.1	acidophile	0	0.025625	348
GCA_000007345.1	gram-positive	0	0.17341448	370
GCA_000007345.1	spore-forming	0	0.061	358
GCA_000007345.1	aerobic	0	0.00456338	388
GCA_000007345.1	anaerobic	1	0.93235745	384
GCA_000007345.1	thermophile	0	0.07613666	376
GCA_000007345.1	psychrophile	0	0.03748761	376
GCA_000007345.1	motile2+	0	0.13142857	360
GCA_000008185.1	acidophile	0	0.055	339
GCA_000008185.1	gram-positive	0	0.12341022	355
GCA_000008185.1	spore-forming	0	0.04775487	348
GCA_000008185.1	aerobic	0	0.02681038	365
GCA_000008185.1	anaerobic	1	0.96735484	358
GCA_000008185.1	thermophile	0	0.04643534	356
GCA_000008185.1	psychrophile	0	0.02053787	356
GCA_000008185.1	motile2+	0	0.48056746	324
GCA_000009705.1	acidophile	0	0.07	615
GCA_000009705.1	gram-positive	0	0.21361584	650
GCA_000009705.1	spore-forming	0	0.17967826	645
GCA_000009705.1	aerobic	1	0.57125548	673
GCA_000009705.1	anaerobic	0	0.33106687	665
GCA_000009705.1	thermophile	0	0.0455976	666
GCA_000009705.1	psychrophile	1	0.66121288	665
GCA_000009705.1	motile2+	0	0.28690341	634
GCA_000010525.1	acidophile	0	0.0355	761
GCA_000010525.1	gram-positive	0	0.01032258	789
GCA_000010525.1	spore-forming	0	0.03827882	742
GCA_000010525.1	aerobic	1	0.86253959	795
GCA_000010525.1	anaerobic	0	0.09276757	786
GCA_000010525.1	thermophile	0	0.00038462	793
GCA_000010525.1	psychrophile	0	0.03499463	792
GCA_000010525.1	motile2+	1	0.64087324	710
GCA_000010785.1	acidophile	0	0.095	343
GCA_000010785.1	gram-positive	0	0.00517241	371
GCA_000010785.1	spore-forming	0	0.01090783	364
GCA_000010785.1	aerobic	0	0.09317861	400
GCA_000010785.1	anaerobic	1	0.59521404	393
GCA_000010785.1	thermophile	1	0.86463985	387
GCA_000010785.1	psychrophile	0	0.00649235	387
GCA_000010785.1	motile2+	0	0.20234848	369
GCA_000010985.1	acidophile	0	0.03712121	475
GCA_000010985.1	gram-positive	0	0.01017241	503
GCA_000010985.1	spore-forming	0	0.03038323	485
GCA_000010985.1	aerobic	0	0.02175846	539
GCA_000010985.1	anaerobic	1	0.94764662	528
GCA_000010985.1	thermophile	1	0.66587753	517
GCA_000010985.1	psychrophile	0	0.02698603	517
GCA_000010985.1	motile2+	1	0.61333914	477
GCA_000011005.1	acidophile	0	0.04145833	259
GCA_000011005.1	gram-positive	0	0.15097159	271
GCA_000011005.1	spore-forming	0	0.04654451	262
GCA_000011005.1	aerobic	0	0.02325131	287
GCA_000011005.1	anaerobic	1	0.91742736	284
GCA_000011005.1	thermophile	0	0.26362746	273
GCA_000011005.1	psychrophile	0	0.01137151	273
GCA_000011005.1	motile2+	0	0.10083333	262
GCA_000011085.1	acidophile	0	0.02	344
GCA_000011085.1	gram-positive	0	0.01569841	365
GCA_000011085.1	spore-forming	0	0.06501992	365
GCA_000011085.1	aerobic	1	0.84162566	387
GCA_000011085.1	anaerobic	0	0.11178682	381
GCA_000011085.1	thermophile	0	0.03097513	375
GCA_000011085.1	psychrophile	0	0.00023528	374
GCA_000011085.1	motile2+	0	0.005	358
GCA_000012365.1	acidophile	0	0.035	879
GCA_000012365.1	gram-positive	0	0.015	950
GCA_000012365.1	spore-forming	0	0.01666607	868
GCA_000012365.1	aerobic	1	0.91595855	950
GCA_000012365.1	anaerobic	0	0.03174423	942
GCA_000012365.1	thermophile	0	0.01	943
GCA_000012365.1	psychrophile	0	0.0415717	944
GCA_000012365.1	motile2+	1	0.7515943	806
GCA_000012485.1	acidophile	0	0.093	388
GCA_000012485.1	gram-positive	0	0.03363608	421
GCA_000012485.1	spore-forming	0	0.05083333	404
GCA_000012485.1	aerobic	0	0.05907338	447
GCA_000012485.1	anaerobic	1	0.83044284	437
GCA_000012485.1	thermophile	0	0.12551696	434
GCA_000012485.1	psychrophile	0	0.03882103	434
GCA_000012485.1	motile2+	0	0.1565625	423
GCA_000012865.1	acidophile	0	0.03041667	512
GCA_000012865.1	gram-positive	1	0.60256296	540
GCA_000012865.1	spore-forming	1	0.58351262	556
GCA_000012865.1	aerobic	0	0.01547987	582
GCA_000012865.1	anaerobic	1	0.99901229	571
GCA_000012865.1	thermophile	1	0.85255911	563
GCA_000012865.1	psychrophile	0	0.00747902	562
GCA_000012865.1	motile2+	1	0.61486849	495
GCA_000013665.1	acidophile	0	0.025	713
GCA_000013665.1	gram-positive	0	0.0	758
GCA_000013665.1	spore-forming	0	0.02378341	692
GCA_000013665.1	aerobic	1	0.84927167	776
GCA_000013665.1	anaerobic	0	0.09012783	777
GCA_000013665.1	thermophile	0	0.02610505	762
GCA_000013665.1	psychrophile	0	0.06250368	759
GCA_000013665.1	motile2+	1	0.7674363	671
GCA_000014945.1	acidophile	0	0.04783333	208
GCA_000014945.1	gram-positive	0	0.14483911	218
GCA_000014945.1	spore-forming	0	0.00580117	216
GCA_000014945.1	aerobic	0	0.01954227	228
GCA_000014945.1	anaerobic	1	0.98782856	226
GCA_000014945.1	thermophile	0	0.40438276	223
GCA_000014945.1	psychrophile	0	0.00631302	223
GCA_000014945.1	motile2+	0	0.20125	219
GCA_000014965.1	acidophile	0	0.04	544
GCA_000014965.1	gram-positive	0	0.02531947	575
GCA_000014965.1	spore-forming	0	0.03833333	567
GCA_000014965.1	aerobic	0	0.06351438	611
GCA_000014965.1	anaerobic	1	0.97699989	602
GCA_000014965.1	thermophile	0	0.11196944	596
GCA_000014965.1	psychrophile	0	0.03559148	595
GCA_000014965.1	motile2+	0	0.44055	548
GCA_000015565.1	acidophile	0	0.0525	648
GCA_000015565.1	gram-positive	0	0.01695513	698
GCA_000015565.1	spore-forming	0	0.04280064	646
GCA_000015565.1	aerobic	1	0.81379092	720
GCA_000015565.1	anaerobic	0	0.05413044	711
GCA_000015565.1	thermophile	0	0.04871546	707
GCA_000015565.1	psychrophile	0	0.07656342	706
GCA_000015565.1	motile2+	1	0.6537163	612
GCA_000015825.1	acidophile	0	0.05368056	266
GCA_000015825.1	gram-positive	0	0.05368058	282
GCA_000015825.1	spore-forming	0	0.02501992	272
GCA_000015825.1	aerobic	0	0.02691164	291
GCA_000015825.1	anaerobic	1	0.9821232	290
GCA_000015825.1	thermophile	0	0.14823627	284
GCA_000015825.1	psychrophile	0	0.0054094	284
GCA_000015825.1	motile2+	0	0.07083333	279
GCA_000016385.1	acidophile	0	0.135	188
GCA_000016385.1	gram-positive	0	0.12212486	198
GCA_000016385.1	spore-forming	0	0.02559205	195
GCA_000016385.1	aerobic	0	0.11252981	219
GCA_000016385.1	anaerobic	1	0.84158956	213
GCA_000016385.1	thermophile	1	0.91433861	205
GCA_000016385.1	psychrophile	0	0.00020095	205
GCA_000016385.1	motile2+	0	0.27575108	197
GCA_000016425.1	acidophile	0	0.01509091	563
GCA_000016425.1	gram-positive	1	0.9637126	626
GCA_000016425.1	spore-forming	1	0.71413777	685
GCA_000016425.1	aerobic	1	0.91520677	638
GCA_000016425.1	anaerobic	0	0.03683302	629
GCA_000016425.1	thermophile	0	0.04153321	677
GCA_000016425.1	psychrophile	0	0.01765945	677
GCA_000016425.1	motile2+	0	0.04	655
GCA_000016785.1	acidophile	0	0.02	361
GCA_000016785.1	gram-positive	0	0.18760889	389
GCA_000016785.1	spore-forming	0	0.10186111	375
GCA_000016785.1	aerobic	0	0.01041986	402
GCA_000016785.1	anaerobic	1	0.9889026	396
GCA_000016785.1	thermophile	1	0.92291833	390
GCA_000016785.1	psychrophile	0	0.00558265	390
GCA_000016785.1	motile2+	1	0.50125	366
GCA_000017165.1	acidophile	0	0.068125	211
GCA_000017165.1	gram-positive	0	0.199411	224
GCA_000017165.1	spore-forming	0	0.03235673	218
GCA_000017165.1	aerobic	0	0.01326834	236
GCA_000017165.1	anaerobic	1	0.93759997	233
GCA_000017165.1	thermophile	0	0.35709343	230
GCA_000017165.1	psychrophile	0	0.0008071	229
GCA_000017165.1	motile2+	0	0.12918333	222
GCA_000017805.1	acidophile	0	0.045	560
GCA_000017805.1	gram-positive	0	0.25343098	597
GCA_000017805.1	spore-forming	0	0.25966167	604
GCA_000017805.1	aerobic	0	0.33858429	620
GCA_000017805.1	anaerobic	1	0.63920936	609
GCA_000017805.1	thermophile	1	0.54197371	610
GCA_000017805.1	psychrophile	0	0.0400543	610
GCA_000017805.1	motile2+	0	0.115	578
GCA_000017945.1	acidophile	0	0.0975	123
GCA_000017945.1	gram-positive	0	0.06565452	137
GCA_000017945.1	spore-forming	0	0.0200365	135
GCA_000017945.1	aerobic	0	0.02298846	149
GCA_000017945.1	anaerobic	1	0.92623861	147
GCA_000017945.1	thermophile	1	0.90432312	145
GCA_000017945.1	psychrophile	0	5.53e-05	145
GCA_000017945.1	motile2+	1	0.59331683	137
GCA_000018285.1	acidophile	0	0.005	763
GCA_000018285.1	gram-positive	0	0.005	817
GCA_000018285.1	spore-forming	0	0.02508196	738
GCA_000018285.1	aerobic	0	0.28632445	840
GCA_000018285.1	anaerobic	0	0.040286	844
GCA_000018285.1	thermophile	0	0.01375	833
GCA_000018285.1	psychrophile	0	0.17201475	828
GCA_000018285.1	motile2+	1	0.76222609	707
GCA_000018305.1	acidophile	0	0.25020833	194
GCA_000018305.1	gram-positive	0	0.16078048	209
GCA_000018305.1	spore-forming	0	0.02579267	209
GCA_000018305.1	aerobic	0	0.1322803	230
GCA_000018305.1	anaerobic	1	0.77914389	222
GCA_000018305.1	thermophile	1	0.78543218	217
GCA_000018305.1	psychrophile	0	0.00067197	217
GCA_000018305.1	motile2+	0	0.18123918	211
GCA_000019805.1	acidophile	0	0.1375	168
GCA_000019805.1	gram-positive	0	0.0866943	182
GCA_000019805.1	spore-forming	0	0.02694006	178
GCA_000019805.1	aerobic	0	0.04842184	198
GCA_000019805.1	anaerobic	1	0.91566115	193
GCA_000019805.1	thermophile	1	0.92633091	188
GCA_000019805.1	psychrophile	0	5.53e-05	188
GCA_000019805.1	motile2+	0	0.25559957	179
GCA_000019965.1	acidophile	0	0.04	571
GCA_000019965.1	gram-positive	0	0.0615	605
GCA_000019965.1	spore-forming	0	0.06697302	593
GCA_000019965.1	aerobic	1	0.57419868	624
GCA_000019965.1	anaerobic	0	0.22558785	614
GCA_000019965.1	thermophile	0	0.03278173	612
GCA_000019965.1	psychrophile	0	0.077911	612
GCA_000019965.1	motile2+	0	0.32452381	592
GCA_000020125.1	acidophile	0	0.04	914
GCA_000020125.1	gram-positive	0	0.00611111	983
GCA_000020125.1	spore-forming	0	0.01850932	900
GCA_000020125.1	aerobic	1	0.93755183	989
GCA_000020125.1	anaerobic	0	0.00168242	981
GCA_000020125.1	thermophile	0	0.005	981
GCA_000020125.1	psychrophile	0	0.02649539	983
GCA_000020125.1	motile2+	1	0.83187093	835
GCA_000020465.1	acidophile	0	0.09178571	431
GCA_000020465.1	gram-positive	0	0.04963462	465
GCA_000020465.1	spore-forming	0	0.04228968	445
GCA_000020465.1	aerobic	0	0.18735633	497
GCA_000020465.1	anaerobic	1	0.65155482	487
GCA_000020465.1	thermophile	0	0.07571435	479
GCA_000020465.1	psychrophile	0	0.03508236	478
GCA_000020465.1	motile2+	0	0.17447917	467
GCA_000020505.1	acidophile	0	0.0475	413
GCA_000020505.1	gram-positive	0	0.0273982	448
GCA_000020505.1	spore-forming	0	0.068125	430
GCA_000020505.1	aerobic	0	0.10741479	474
GCA_000020505.1	anaerobic	1	0.78824014	467
GCA_000020505.1	thermophile	0	0.19186248	464
GCA_000020505.1	psychrophile	0	0.01991162	464
GCA_000020505.1	motile2+	0	0.155	447
GCA_000020685.1	acidophile	0	0.02	522
GCA_000020685.1	gram-positive	0	0.2814413	557
GCA_000020685.1	spore-forming	0	0.07083333	558
GCA_000020685.1	aerobic	1	0.86575955	583
GCA_000020685.1	anaerobic	0	0.06968727	573
GCA_000020685.1	thermophile	0	0.06674812	567
GCA_000020685.1	psychrophile	0	0.06592362	567
GCA_000020685.1	motile2+	0	0.03742857	545
GCA_000020945.1	acidophile	0	0.092875	260
GCA_000020945.1	gram-positive	0	0.35584647	280
GCA_000020945.1	spore-forming	0	0.13221507	276
GCA_000020945.1	aerobic	0	0.04093783	297
GCA_000020945.1	anaerobic	1	0.87472915	291
GCA_000020945.1	thermophile	1	0.81813448	284
GCA_000020945.1	psychrophile	0	0.00705642	284
GCA_000020945.1	motile2+	0	0.39	253
GCA_000020985.1	acidophile	0	0.07725	384
GCA_000020985.1	gram-positive	0	0.01521808	410
GCA_000020985.1	spore-forming	0	0.02749022	402
GCA_000020985.1	aerobic	0	0.01123788	443
GCA_000020985.1	anaerobic	1	0.98012327	434
GCA_000020985.1	thermophile	1	0.83318392	430
GCA_000020985.1	psychrophile	0	0.01091156	429
GCA_000020985.1	motile2+	1	0.55971212	389
GCA_000021645.1	acidophile	0	0.05166667	341
GCA_000021645.1	gram-positive	0	0.11812911	368
GCA_000021645.1	spore-forming	0	0.061	363
GCA_000021645.1	aerobic	0	0.01676447	381
GCA_000021645.1	anaerobic	1	0.90432545	375
GCA_000021645.1	thermophile	1	0.8607481	371
GCA_000021645.1	psychrophile	0	0.0200939	371
GCA_000021645.1	motile2+	0	0.10175	359
GCA_000021685.1	acidophile	0	0.075	457
GCA_000021685.1	gram-positive	0	0.38954304	497
GCA_000021685.1	spore-forming	0	0.2208088	493
GCA_000021685.1	aerobic	1	0.60845379	521
GCA_000021685.1	anaerobic	0	0.23332694	511
GCA_000021685.1	thermophile	1	0.80049422	511
GCA_000021685.1	psychrophile	0	0.0009956	511
GCA_000021685.1	motile2+	0	0.295	464
GCA_000021945.1	acidophile	0	0.04	552
GCA_000021945.1	gram-positive	0	0.34698272	592
GCA_000021945.1	spore-forming	0	0.23131867	591
GCA_000021945.1	aerobic	0	0.3169752	608
GCA_000021945.1	anaerobic	1	0.70601104	600
GCA_000021945.1	thermophile	0	0.48634151	602
GCA_000021945.1	psychrophile	0	0.0885009	602
GCA_000021945.1	motile2+	0	0.11	575
GCA_000021965.1	acidophile	0	0.047	269
GCA_000021965.1	gram-positive	0	0.08541896	283
GCA_000021965.1	spore-forming	0	0.05260234	282
GCA_000021965.1	aerobic	0	0.07272349	296
GCA_000021965.1	anaerobic	1	0.90662378	292
GCA_000021965.1	thermophile	0	0.05237744	287
GCA_000021965.1	psychrophile	0	0.00882125	287
GCA_000021965.1	motile2+	0	0.06416667	287
GCA_000022265.1	acidophile	0	0.04	577
GCA_000022265.1	gram-positive	0	0.03010297	611
GCA_000022265.1	spore-forming	0	0.09131824	602
GCA_000022265.1	aerobic	0	0.09528995	647
GCA_000022265.1	anaerobic	1	0.92532297	636
GCA_000022265.1	thermophile	0	0.07415969	629
GCA_000022265.1	psychrophile	0	0.01242987	627
GCA_000022265.1	motile2+	1	0.64233571	578
GCA_000023325.1	acidophile	0	0.016875	342
GCA_000023325.1	gram-positive	0	0.15437555	369
GCA_000023325.1	spore-forming	0	0.04448935	360
GCA_000023325.1	aerobic	0	0.02147952	388
GCA_000023325.1	anaerobic	1	0.99212089	384
GCA_000023325.1	thermophile	1	0.79128431	378
GCA_000023325.1	psychrophile	0	0.01653754	378
GCA_000023325.1	motile2+	0	0.0746131	362
GCA_000023865.1	acidophile	0	0.00909091	577
GCA_000023865.1	gram-positive	1	0.9794034	635
GCA_000023865.1	spore-forming	1	0.62728454	682
GCA_000023865.1	aerobic	1	0.91140103	653
GCA_000023865.1	anaerobic	0	0.02109646	644
GCA_000023865.1	thermophile	0	0.34429794	680
GCA_000023865.1	psychrophile	0	0.02211271	681
GCA_000023865.1	motile2+	0	0.00666667	655
GCA_000023985.1	acidophile	0	0.068125	214
GCA_000023985.1	gram-positive	0	0.18622583	222
GCA_000023985.1	spore-forming	0	0.03601992	219
GCA_000023985.1	aerobic	0	0.01757749	238
GCA_000023985.1	anaerobic	1	0.99093592	234
GCA_000023985.1	thermophile	1	0.79681106	228
GCA_000023985.1	psychrophile	0	0.00534907	227
GCA_000023985.1	motile2+	0	0.17275	221
GCA_000024345.1	acidophile	0	0.03409091	683
GCA_000024345.1	gram-positive	1	0.95905841	744
GCA_000024345.1	spore-forming	1	0.5655943	810
GCA_000024345.1	aerobic	1	0.96390226	756
GCA_000024345.1	anaerobic	0	0.00304467	746
GCA_000024345.1	thermophile	0	0.005	790
GCA_000024345.1	psychrophile	0	0.01732049	789
GCA_000024345.1	motile2+	0	0.005	776
GCA_000024405.1	acidophile	0	0.065	451
GCA_000024405.1	gram-positive	0	0.11423951	489
GCA_000024405.1	spore-forming	0	0.125375	476
GCA_000024405.1	aerobic	0	0.03469907	507
GCA_000024405.1	anaerobic	1	0.92175992	494
GCA_000024405.1	thermophile	0	0.02916667	488
GCA_000024405.1	psychrophile	0	0.05642576	488
GCA_000024405.1	motile2+	0	0.06	461
GCA_000024565.1	acidophile	0	0.13394737	215
GCA_000024565.1	gram-positive	0	0.39315741	226
GCA_000024565.1	spore-forming	0	0.04518659	223
GCA_000024565.1	aerobic	0	0.02207168	238
GCA_000024565.1	anaerobic	0	0.44433198	233
GCA_000024565.1	thermophile	0	0.01063935	227
GCA_000024565.1	psychrophile	0	0.0019127	227
GCA_000024565.1	motile2+	0	0.06984848	214
GCA_000024625.1	acidophile	0	0.07283333	213
GCA_000024625.1	gram-positive	0	0.21497583	220
GCA_000024625.1	spore-forming	0	0.04001992	220
GCA_000024625.1	aerobic	0	0.01934215	235
GCA_000024625.1	anaerobic	1	0.98582481	231
GCA_000024625.1	thermophile	1	0.74267675	225
GCA_000024625.1	psychrophile	0	0.00583294	224
GCA_000024625.1	motile2+	0	0.15775	216
GCA_000024845.1	acidophile	0	0.03	550
GCA_000024845.1	gram-positive	0	0.01020373	583
GCA_000024845.1	spore-forming	0	0.02542758	566
GCA_000024845.1	aerobic	1	0.72091722	604
GCA_000024845.1	anaerobic	0	0.12648425	594
GCA_000024845.1	thermophile	1	0.6166485	584
GCA_000024845.1	psychrophile	0	0.05626161	582
GCA_000024845.1	motile2+	0	0.36291667	590
GCA_000024905.1	acidophile	0	0.045	369
GCA_000024905.1	gram-positive	0	0.08866453	397
GCA_000024905.1	spore-forming	0	0.04958333	386
GCA_000024905.1	aerobic	0	0.01082896	417
GCA_000024905.1	anaerobic	1	0.94176968	409
GCA_000024905.1	thermophile	1	0.50530701	402
GCA_000024905.1	psychrophile	0	0.01582078	402
GCA_000024905.1	motile2+	0	0.49766667	363
GCA_000024985.1	acidophile	0	0.065	500
GCA_000024985.1	gram-positive	0	0.49311009	535
GCA_000024985.1	spore-forming	0	0.24531112	539
GCA_000024985.1	aerobic	1	0.72437105	560
GCA_000024985.1	anaerobic	0	0.12428777	549
GCA_000024985.1	thermophile	1	0.61169356	555
GCA_000024985.1	psychrophile	0	0.00697026	555
GCA_000024985.1	motile2+	0	0.24068182	516
GCA_000025185.1	acidophile	0	0.065	505
GCA_000025185.1	gram-positive	0	0.05923895	542
GCA_000025185.1	spore-forming	0	0.09166667	520
GCA_000025185.1	aerobic	1	0.7145117	563
GCA_000025185.1	anaerobic	0	0.26135812	555
GCA_000025185.1	thermophile	0	0.06876415	550
GCA_000025185.1	psychrophile	0	0.08149665	548
GCA_000025185.1	motile2+	0	0.40045699	512
GCA_000025325.1	acidophile	0	0.015625	378
GCA_000025325.1	gram-positive	0	0.0182192	404
GCA_000025325.1	spore-forming	0	0.10867169	403
GCA_000025325.1	aerobic	1	0.83252265	422
GCA_000025325.1	anaerobic	0	0.12296231	416
GCA_000025325.1	thermophile	0	0.07606127	413
GCA_000025325.1	psychrophile	0	0.00631801	412
GCA_000025325.1	motile2+	0	0.02434524	398
GCA_000025485.1	acidophile	0	0.05	657
GCA_000025485.1	gram-positive	0	0.005	690
GCA_000025485.1	spore-forming	0	0.041472	638
GCA_000025485.1	aerobic	0	0.08957718	716
GCA_000025485.1	anaerobic	1	0.87829735	708
GCA_000025485.1	thermophile	0	0.12152873	700
GCA_000025485.1	psychrophile	0	0.07448262	697
GCA_000025485.1	motile2+	1	0.74750012	599
GCA_000025605.1	acidophile	0	0.085	326
GCA_000025605.1	gram-positive	0	0.05203749	351
GCA_000025605.1	spore-forming	0	0.0304983	346
GCA_000025605.1	aerobic	0	0.08594225	379
GCA_000025605.1	anaerobic	0	0.42009769	370
GCA_000025605.1	thermophile	1	0.83581047	366
GCA_000025605.1	psychrophile	0	0.00216933	365
GCA_000025605.1	motile2+	1	0.51397547	337
GCA_000025725.1	acidophile	0	0.0505	491
GCA_000025725.1	gram-positive	0	0.01017241	521
GCA_000025725.1	spore-forming	0	0.04125	504
GCA_000025725.1	aerobic	0	0.01933108	554
GCA_000025725.1	anaerobic	1	0.92862575	547
GCA_000025725.1	thermophile	0	0.09883211	537
GCA_000025725.1	psychrophile	0	0.04184825	536
GCA_000025725.1	motile2+	1	0.6127159	484
GCA_000025885.1	acidophile	0	0.05	348
GCA_000025885.1	gram-positive	0	0.07064846	374
GCA_000025885.1	spore-forming	0	0.01020316	361
GCA_000025885.1	aerobic	0	0.018373	394
GCA_000025885.1	anaerobic	1	0.98408106	389
GCA_000025885.1	thermophile	0	0.1890519	382
GCA_000025885.1	psychrophile	0	0.00170793	382
GCA_000025885.1	motile2+	0	0.06572917	360
GCA_000025905.1	acidophile	0	0.045	453
GCA_000025905.1	gram-positive	0	0.05562422	483
GCA_000025905.1	spore-forming	0	0.02	460
GCA_000025905.1	aerobic	1	0.54629081	506
GCA_000025905.1	anaerobic	0	0.12970847	497
GCA_000025905.1	thermophile	0	0.02283732	489
GCA_000025905.1	psychrophile	0	0.07128773	486
GCA_000025905.1	motile2+	0	0.05295455	477
GCA_000092045.1	acidophile	0	0.12	813
GCA_000092045.1	gram-positive	0	0.015	846
GCA_000092045.1	spore-forming	0	0.02240682	810
GCA_000092045.1	aerobic	1	0.94634655	842
GCA_000092045.1	anaerobic	0	0.00202974	834
GCA_000092045.1	thermophile	0	0.0	842
GCA_000092045.1	psychrophile	0	0.03002251	844
GCA_000092045.1	motile2+	1	0.72632249	770
GCA_000093025.1	acidophile	0	0.071125	617
GCA_000093025.1	gram-positive	0	0.00125	653
GCA_000093025.1	spore-forming	0	0.01287501	593
GCA_000093025.1	aerobic	1	0.67199026	674
GCA_000093025.1	anaerobic	0	0.0680217	669
GCA_000093025.1	thermophile	0	0.02039918	657
GCA_000093025.1	psychrophile	0	0.06858656	655
GCA_000093025.1	motile2+	1	0.63771177	578
GCA_000144915.1	acidophile	0	0.16519737	159
GCA_000144915.1	gram-positive	0	0.12820728	171
GCA_000144915.1	spore-forming	0	0.01005642	168
GCA_000144915.1	aerobic	0	0.09762533	189
GCA_000144915.1	anaerobic	1	0.87004595	183
GCA_000144915.1	thermophile	1	0.88406494	180
GCA_000144915.1	psychrophile	0	5.53e-05	180
GCA_000144915.1	motile2+	0	0.21263501	171
GCA_000145295.1	acidophile	0	0.057375	222
GCA_000145295.1	gram-positive	0	0.34924907	236
GCA_000145295.1	spore-forming	0	0.04211367	235
GCA_000145295.1	aerobic	0	0.02637494	251
GCA_000145295.1	anaerobic	1	0.99400712	248
GCA_000145295.1	thermophile	1	0.71786844	244
GCA_000145295.1	psychrophile	0	0.00057558	244
GCA_000145295.1	motile2+	0	0.1175	228
GCA_000151105.2	acidophile	0	0.1225	259
GCA_000151105.2	gram-positive	0	0.14869961	276
GCA_000151105.2	spore-forming	0	0.04059205	268
GCA_000151105.2	aerobic	0	0.03028362	288
GCA_000151105.2	anaerobic	1	0.93980969	285
GCA_000151105.2	thermophile	1	0.90424438	281
GCA_000151105.2	psychrophile	0	5.056e-05	281
GCA_000151105.2	motile2+	0	0.27001894	270
GCA_000153125.2	acidophile	0	0.025	669
GCA_000153125.2	gram-positive	0	0.00521739	714
GCA_000153125.2	spore-forming	0	0.01122515	653
GCA_000153125.2	aerobic	1	0.69218295	732
GCA_000153125.2	anaerobic	0	0.06209413	732
GCA_000153125.2	thermophile	0	0.01162465	720
GCA_000153125.2	psychrophile	0	0.0568206	718
GCA_000153125.2	motile2+	0	0.48835974	641
GCA_000153625.1	acidophile	0	0.055	396
GCA_000153625.1	gram-positive	0	0.0693652	423
GCA_000153625.1	spore-forming	0	0.0963007	416
GCA_000153625.1	aerobic	0	0.03048078	445
GCA_000153625.1	anaerobic	1	0.93258178	439
GCA_000153625.1	thermophile	0	0.00030744	425
GCA_000153625.1	psychrophile	0	0.01118371	423
GCA_000153625.1	motile2+	0	0.09622378	406
GCA_000166355.1	acidophile	0	0.03041667	456
GCA_000166355.1	gram-positive	1	0.76287203	482
GCA_000166355.1	spore-forming	0	0.12928338	491
GCA_000166355.1	aerobic	0	0.00889757	507
GCA_000166355.1	anaerobic	1	0.9889004	496
GCA_000166355.1	thermophile	1	0.88612693	481
GCA_000166355.1	psychrophile	0	0.00545102	481
GCA_000166355.1	motile2+	1	0.57933333	458
GCA_000175295.2	acidophile	0	0.015	485
GCA_000175295.2	gram-positive	1	0.61755894	510
GCA_000175295.2	spore-forming	1	0.6075678	520
GCA_000175295.2	aerobic	0	0.00868542	545
GCA_000175295.2	anaerobic	1	0.98696176	532
GCA_000175295.2	thermophile	1	0.77956031	514
GCA_000175295.2	psychrophile	0	0.01687671	514
GCA_000175295.2	motile2+	1	0.68813986	471
GCA_000176915.2	acidophile	0	0.02166667	492
GCA_000176915.2	gram-positive	0	0.03045461	514
GCA_000176915.2	spore-forming	0	0.02612231	498
GCA_000176915.2	aerobic	0	0.03334769	539
GCA_000176915.2	anaerobic	1	0.9939744	527
GCA_000176915.2	thermophile	0	0.06685727	522
GCA_000176915.2	psychrophile	0	0.02567293	522
GCA_000176915.2	motile2+	1	0.74661679	465
GCA_000177635.2	acidophile	0	0.045	483
GCA_000177635.2	gram-positive	0	0.04048491	513
GCA_000177635.2	spore-forming	0	0.0151087	502
GCA_000177635.2	aerobic	0	0.04579318	544
GCA_000177635.2	anaerobic	1	0.84260704	534
GCA_000177635.2	thermophile	0	0.12319475	530
GCA_000177635.2	psychrophile	0	0.02501815	529
GCA_000177635.2	motile2+	1	0.64714876	482
GCA_000178975.2	acidophile	1	0.615	555
GCA_000178975.2	gram-positive	0	0.03205647	592
GCA_000178975.2	spore-forming	0	0.01814501	585
GCA_000178975.2	aerobic	1	0.86058214	611
GCA_000178975.2	anaerobic	0	0.07807385	600
GCA_000178975.2	thermophile	0	0.01457039	600
GCA_000178975.2	psychrophile	0	0.1303882	599
GCA_000178975.2	motile2+	0	0.32805556	587
GCA_000179015.2	acidophile	0	0.055	733
GCA_000179015.2	gram-positive	0	0.01032258	789
GCA_000179015.2	spore-forming	0	0.02900123	716
GCA_000179015.2	aerobic	1	0.83672765	805
GCA_000179015.2	anaerobic	0	0.02494289	796
GCA_000179015.2	thermophile	0	0.01889205	790
GCA_000179015.2	psychrophile	0	0.04053188	788
GCA_000179015.2	motile2+	1	0.73403607	680
GCA_000183135.1	acidophile	0	0.05758929	447
GCA_000183135.1	gram-positive	0	0.07584992	479
GCA_000183135.1	spore-forming	0	0.03689506	471
GCA_000183135.1	aerobic	0	0.24116889	505
GCA_000183135.1	anaerobic	1	0.67467892	494
GCA_000183135.1	thermophile	0	0.01843222	486
GCA_000183135.1	psychrophile	0	0.02803574	486
GCA_000183135.1	motile2+	0	0.02	536
GCA_000183365.1	acidophile	0	0.128	62
GCA_000183365.1	gram-positive	0	0.43241358	64
GCA_000183365.1	spore-forming	0	0.01577864	61
GCA_000183365.1	aerobic	0	0.19675179	65
GCA_000183365.1	anaerobic	0	0.04503004	65
GCA_000183365.1	thermophile	0	0.00019089	61
GCA_000183365.1	psychrophile	0	0.00010821	61
GCA_000183365.1	motile2+	0	0.09954978	61
GCA_000183405.1	acidophile	0	0.08333333	448
GCA_000183405.1	gram-positive	0	0.01804741	479
GCA_000183405.1	spore-forming	0	0.04013245	468
GCA_000183405.1	aerobic	0	0.0244034	518
GCA_000183405.1	anaerobic	1	0.95480581	506
GCA_000183405.1	thermophile	0	0.24702622	495
GCA_000183405.1	psychrophile	0	0.0303127	495
GCA_000183405.1	motile2+	1	0.64598977	460
GCA_000185805.1	acidophile	0	0.08166667	331
GCA_000185805.1	gram-positive	0	0.02015347	356
GCA_000185805.1	spore-forming	0	0.03207689	349
GCA_000185805.1	aerobic	0	0.00880843	381
GCA_000185805.1	anaerobic	1	0.94232292	376
GCA_000185805.1	thermophile	1	0.81442653	373
GCA_000185805.1	psychrophile	0	0.01909229	373
GCA_000185805.1	motile2+	1	0.51209541	341
GCA_000186225.1	acidophile	0	0.045	440
GCA_000186225.1	gram-positive	0	0.05043838	473
GCA_000186225.1	spore-forming	0	0.01006173	462
GCA_000186225.1	aerobic	0	0.00843225	500
GCA_000186225.1	anaerobic	1	0.97997694	491
GCA_000186225.1	thermophile	0	0.00077574	483
GCA_000186225.1	psychrophile	0	0.0008388	483
GCA_000186225.1	motile2+	0	0.005	523
GCA_000186385.1	acidophile	0	0.04583333	496
GCA_000186385.1	gram-positive	0	0.36942727	530
GCA_000186385.1	spore-forming	0	0.13100575	534
GCA_000186385.1	aerobic	1	0.84816985	553
GCA_000186385.1	anaerobic	0	0.07108445	544
GCA_000186385.1	thermophile	0	0.08159933	536
GCA_000186385.1	psychrophile	0	0.07176233	536
GCA_000186385.1	motile2+	0	0.06	525
GCA_000188315.1	acidophile	0	0.1775	323
GCA_000188315.1	gram-positive	1	0.90067433	340
GCA_000188315.1	spore-forming	0	0.01359334	353
GCA_000188315.1	aerobic	0	0.01701999	363
GCA_000188315.1	anaerobic	0	0.05253773	355
GCA_000188315.1	thermophile	0	0.01004464	343
GCA_000188315.1	psychrophile	0	0.00027711	343
GCA_000188315.1	motile2+	0	0.025	329
GCA_000189775.3	acidophile	0	0.03977778	481
GCA_000189775.3	gram-positive	0	0.45207939	506
GCA_000189775.3	spore-forming	1	0.59478609	520
GCA_000189775.3	aerobic	0	0.0033595	536
GCA_000189775.3	anaerobic	1	0.9991925	527
GCA_000189775.3	thermophile	1	0.74985033	512
GCA_000189775.3	psychrophile	0	0.00609567	512
GCA_000189775.3	motile2+	1	0.69483747	477
GCA_000190435.1	acidophile	0	0.065	383
GCA_000190435.1	gram-positive	0	0.15298538	406
GCA_000190435.1	spore-forming	0	0.07055556	397
GCA_000190435.1	aerobic	0	0.02664152	424
GCA_000190435.1	anaerobic	1	0.92847531	416
GCA_000190435.1	thermophile	0	0.05916591	403
GCA_000190435.1	psychrophile	0	0.02888345	403
GCA_000190435.1	motile2+	0	0.04045455	391
GCA_000190555.1	acidophile	0	0.065	432
GCA_000190555.1	gram-positive	0	0.37060133	473
GCA_000190555.1	spore-forming	0	0.1	463
GCA_000190555.1	aerobic	1	0.83121603	496
GCA_000190555.1	anaerobic	0	0.02592805	487
GCA_000190555.1	thermophile	0	0.05800157	480
GCA_000190555.1	psychrophile	0	0.08425584	478
GCA_000190555.1	motile2+	0	0.045	463
GCA_000190575.1	acidophile	0	0.04	410
GCA_000190575.1	gram-positive	0	0.07266207	440
GCA_000190575.1	spore-forming	0	0.00565378	430
GCA_000190575.1	aerobic	0	0.01323274	464
GCA_000190575.1	anaerobic	1	0.97969264	457
GCA_000190575.1	thermophile	0	0.00500411	445
GCA_000190575.1	psychrophile	0	0.00105528	445
GCA_000190575.1	motile2+	0	0.005	484
GCA_000191045.1	acidophile	0	0.106	322
GCA_000191045.1	gram-positive	0	0.02577847	349
GCA_000191045.1	spore-forming	0	0.01568801	340
GCA_000191045.1	aerobic	0	0.01760075	375
GCA_000191045.1	anaerobic	1	0.93824516	369
GCA_000191045.1	thermophile	1	0.72026526	366
GCA_000191045.1	psychrophile	0	0.0102402	365
GCA_000191045.1	motile2+	1	0.52417874	335
GCA_000196895.1	acidophile	0	0.015	361
GCA_000196895.1	gram-positive	0	0.05057214	379
GCA_000196895.1	spore-forming	0	0.0487865	373
GCA_000196895.1	aerobic	1	0.88408138	405
GCA_000196895.1	anaerobic	0	0.05924568	399
GCA_000196895.1	thermophile	0	0.05816262	390
GCA_000196895.1	psychrophile	0	0.01139641	390
GCA_000196895.1	motile2+	0	0.01193182	371
GCA_000197735.1	acidophile	0	0.0	495
GCA_000197735.1	gram-positive	1	0.94994782	550
GCA_000197735.1	spore-forming	0	0.09723598	575
GCA_000197735.1	aerobic	1	0.89635458	567
GCA_000197735.1	anaerobic	0	0.02034632	558
GCA_000197735.1	thermophile	0	0.01027473	586
GCA_000197735.1	psychrophile	0	0.03378986	586
GCA_000197735.1	motile2+	0	0.02	573
GCA_000204415.1	acidophile	0	0.063125	274
GCA_000204415.1	gram-positive	0	0.15819256	288
GCA_000204415.1	spore-forming	0	0.02080117	281
GCA_000204415.1	aerobic	0	0.00975916	296
GCA_000204415.1	anaerobic	1	0.98329877	292
GCA_000204415.1	thermophile	0	0.16558559	291
GCA_000204415.1	psychrophile	0	0.00250753	291
GCA_000204415.1	motile2+	0	0.14725	283
GCA_000212915.1	acidophile	0	0.025	406
GCA_000212915.1	gram-positive	0	0.05231677	431
GCA_000212915.1	spore-forming	0	0.00578125	420
GCA_000212915.1	aerobic	0	0.04186579	454
GCA_000212915.1	anaerobic	1	0.91738305	446
GCA_000212915.1	thermophile	0	0.01044374	438
GCA_000212915.1	psychrophile	0	0.01068593	438
GCA_000212915.1	motile2+	0	0.03072917	469
GCA_000214175.1	acidophile	0	0.035	602
GCA_000214175.1	gram-positive	1	0.95537207	659
GCA_000214175.1	spore-forming	0	0.13171822	692
GCA_000214175.1	aerobic	1	0.87939507	679
GCA_000214175.1	anaerobic	0	0.01720059	669
GCA_000214175.1	thermophile	0	0.01508621	701
GCA_000214175.1	psychrophile	0	0.01116545	701
GCA_000214175.1	motile2+	0	0.005	679
GCA_000214355.1	acidophile	0	0.075	422
GCA_000214355.1	gram-positive	0	0.19384412	448
GCA_000214355.1	spore-forming	0	0.1040396	435
GCA_000214355.1	aerobic	0	0.06542057	457
GCA_000214355.1	anaerobic	1	0.93689743	449
GCA_000214355.1	thermophile	0	0.12148405	442
GCA_000214355.1	psychrophile	0	0.35066857	442
GCA_000214355.1	motile2+	0	0.48072222	419
GCA_000214415.1	acidophile	0	0.085	225
GCA_000214415.1	gram-positive	0	0.22162987	236
GCA_000214415.1	spore-forming	0	0.04001992	231
GCA_000214415.1	aerobic	0	0.02218936	249
GCA_000214415.1	anaerobic	1	0.98805694	245
GCA_000214415.1	thermophile	1	0.79156695	241
GCA_000214415.1	psychrophile	0	0.00565264	240
GCA_000214415.1	motile2+	0	0.22941667	236
GCA_000214725.1	acidophile	0	0.08035714	248
GCA_000214725.1	gram-positive	0	0.2320175	264
GCA_000214725.1	spore-forming	0	0.03385558	260
GCA_000214725.1	aerobic	0	0.03816265	276
GCA_000214725.1	anaerobic	1	0.97603983	274
GCA_000214725.1	thermophile	0	0.19397337	271
GCA_000214725.1	psychrophile	0	0.00262821	270
GCA_000214725.1	motile2+	0	0.11625	255
GCA_000219725.1	acidophile	0	0.04875	439
GCA_000219725.1	gram-positive	0	0.09221962	465
GCA_000219725.1	spore-forming	0	0.06485522	453
GCA_000219725.1	aerobic	0	0.03055904	483
GCA_000219725.1	anaerobic	1	0.94918648	473
GCA_000219725.1	thermophile	0	0.46717667	465
GCA_000219725.1	psychrophile	0	0.05311432	465
GCA_000219725.1	motile2+	0	0.48450483	435
GCA_000224005.3	acidophile	0	0.01	669
GCA_000224005.3	gram-positive	0	0.005	712
GCA_000224005.3	spore-forming	0	0.04717483	662
GCA_000224005.3	aerobic	0	0.19508071	742
GCA_000224005.3	anaerobic	1	0.75587214	734
GCA_000224005.3	thermophile	0	0.02294556	729
GCA_000224005.3	psychrophile	0	0.05863901	726
GCA_000224005.3	motile2+	1	0.6976299	624
GCA_000225705.1	acidophile	0	0.0414127	308
GCA_000225705.1	gram-positive	1	0.83979912	342
GCA_000225705.1	spore-forming	0	0.01879232	331
GCA_000225705.1	aerobic	0	0.01508338	362
GCA_000225705.1	anaerobic	1	0.90162928	355
GCA_000225705.1	thermophile	0	0.03135638	349
GCA_000225705.1	psychrophile	0	0.01138452	349
GCA_000225705.1	motile2+	0	0.03708333	333
GCA_000227665.3	acidophile	0	0.01	480
GCA_000227665.3	gram-positive	0	0.0125	510
GCA_000227665.3	spore-forming	0	0.00726888	468
GCA_000227665.3	aerobic	1	0.63951643	530
GCA_000227665.3	anaerobic	0	0.13810457	523
GCA_000227665.3	thermophile	0	0.04015058	518
GCA_000227665.3	psychrophile	0	0.06300503	516
GCA_000227665.3	motile2+	1	0.65105458	460
GCA_000231055.3	acidophile	0	0.01575758	590
GCA_000231055.3	gram-positive	1	0.97965417	652
GCA_000231055.3	spore-forming	1	0.68617232	707
GCA_000231055.3	aerobic	1	0.92290281	670
GCA_000231055.3	anaerobic	0	0.01441191	662
GCA_000231055.3	thermophile	0	0.07155042	701
GCA_000231055.3	psychrophile	0	0.00512851	702
GCA_000231055.3	motile2+	0	0.005	676
GCA_000231405.3	acidophile	0	0.01184524	539
GCA_000231405.3	gram-positive	1	0.62632619	570
GCA_000231405.3	spore-forming	1	0.70034162	589
GCA_000231405.3	aerobic	0	0.04931229	607
GCA_000231405.3	anaerobic	1	0.97790324	598
GCA_000231405.3	thermophile	0	0.15581896	581
GCA_000231405.3	psychrophile	0	0.04402515	581
GCA_000231405.3	motile2+	1	0.65802056	535
GCA_000233715.3	acidophile	0	0.025	559
GCA_000233715.3	gram-positive	1	0.64004376	578
GCA_000233715.3	spore-forming	1	0.6528935	608
GCA_000233715.3	aerobic	0	0.04868949	628
GCA_000233715.3	anaerobic	1	0.97970472	613
GCA_000233715.3	thermophile	0	0.31886687	601
GCA_000233715.3	psychrophile	0	0.02782355	600
GCA_000233715.3	motile2+	1	0.64740374	537
GCA_000236685.1	acidophile	0	0.065	395
GCA_000236685.1	gram-positive	0	0.1273678	418
GCA_000236685.1	spore-forming	0	0.04805556	413
GCA_000236685.1	aerobic	0	0.02455525	439
GCA_000236685.1	anaerobic	1	0.96977154	431
GCA_000236685.1	thermophile	0	0.04997461	421
GCA_000236685.1	psychrophile	0	0.03855562	421
GCA_000236685.1	motile2+	0	0.04	410
GCA_000237825.1	acidophile	0	0.055	357
GCA_000237825.1	gram-positive	0	0.08769017	384
GCA_000237825.1	spore-forming	0	0.04036458	374
GCA_000237825.1	aerobic	0	0.01666297	406
GCA_000237825.1	anaerobic	1	0.9416779	397
GCA_000237825.1	thermophile	1	0.5597116	393
GCA_000237825.1	psychrophile	0	0.01090689	393
GCA_000237825.1	motile2+	0	0.42516667	349
GCA_000242255.3	acidophile	0	0.07928571	641
GCA_000242255.3	gram-positive	0	0.03333333	689
GCA_000242255.3	spore-forming	0	0.06096005	637
GCA_000242255.3	aerobic	1	0.8500192	711
GCA_000242255.3	anaerobic	0	0.01045402	705
GCA_000242255.3	thermophile	0	0.01517241	700
GCA_000242255.3	psychrophile	0	0.10116078	699
GCA_000242255.3	motile2+	1	0.60298275	623
GCA_000246855.1	acidophile	0	0.02	685
GCA_000246855.1	gram-positive	0	0.07968011	724
GCA_000246855.1	spore-forming	0	0.06680031	713
GCA_000246855.1	aerobic	1	0.94973253	722
GCA_000246855.1	anaerobic	0	0.03006957	714
GCA_000246855.1	thermophile	0	0.0	718
GCA_000246855.1	psychrophile	0	0.06344382	715
GCA_000246855.1	motile2+	0	0.015	783
GCA_000252445.1	acidophile	0	0.02	557
GCA_000252445.1	gram-positive	0	0.4012816	594
GCA_000252445.1	spore-forming	0	0.05166667	601
GCA_000252445.1	aerobic	1	0.74014473	619
GCA_000252445.1	anaerobic	0	0.03325019	608
GCA_000252445.1	thermophile	0	0.10147928	603
GCA_000252445.1	psychrophile	0	0.08443295	603
GCA_000252445.1	motile2+	0	0.06	578
GCA_000255115.3	acidophile	0	0.07684524	608
GCA_000255115.3	gram-positive	1	0.59113191	643
GCA_000255115.3	spore-forming	1	0.71342841	664
GCA_000255115.3	aerobic	0	0.04218713	683
GCA_000255115.3	anaerobic	1	0.98513058	671
GCA_000255115.3	thermophile	0	0.09649059	658
GCA_000255115.3	psychrophile	0	0.06539427	657
GCA_000255115.3	motile2+	1	0.72676002	597
GCA_000255135.1	acidophile	0	0.045	337
GCA_000255135.1	gram-positive	0	0.14321336	365
GCA_000255135.1	spore-forming	0	0.07668065	354
GCA_000255135.1	aerobic	0	0.01340005	383
GCA_000255135.1	anaerobic	1	0.96403728	378
GCA_000255135.1	thermophile	1	0.83994882	373
GCA_000255135.1	psychrophile	0	5.952e-05	373
GCA_000255135.1	motile2+	0	0.40954167	339
GCA_000258425.1	acidophile	0	0.157	130
GCA_000258425.1	gram-positive	0	0.14862394	144
GCA_000258425.1	spore-forming	0	0.01061197	140
GCA_000258425.1	aerobic	0	0.05250074	154
GCA_000258425.1	anaerobic	1	0.89149996	154
GCA_000258425.1	thermophile	1	0.92828615	149
GCA_000258425.1	psychrophile	0	5.53e-05	149
GCA_000258425.1	motile2+	0	0.20482251	143
GCA_000262445.1	acidophile	0	0.035	492
GCA_000262445.1	gram-positive	1	0.56074652	523
GCA_000262445.1	spore-forming	1	0.58039347	535
GCA_000262445.1	aerobic	0	0.00967108	562
GCA_000262445.1	anaerobic	1	0.98686129	547
GCA_000262445.1	thermophile	1	0.78191421	532
GCA_000262445.1	psychrophile	0	0.01060226	532
GCA_000262445.1	motile2+	1	0.72013344	487
GCA_000265295.1	acidophile	0	0.041	427
GCA_000265295.1	gram-positive	0	0.01017241	460
GCA_000265295.1	spore-forming	0	0.02787439	441
GCA_000265295.1	aerobic	0	0.05209126	489
GCA_000265295.1	anaerobic	1	0.70062078	480
GCA_000265295.1	thermophile	0	0.01180993	472
GCA_000265295.1	psychrophile	0	0.06322995	471
GCA_000265295.1	motile2+	1	0.78840556	421
GCA_000265425.1	acidophile	0	0.445	546
GCA_000265425.1	gram-positive	0	0.04039464	574
GCA_000265425.1	spore-forming	0	0.02529183	565
GCA_000265425.1	aerobic	1	0.8386071	593
GCA_000265425.1	anaerobic	0	0.0437152	582
GCA_000265425.1	thermophile	0	0.02263158	580
GCA_000265425.1	psychrophile	0	0.08843435	579
GCA_000265425.1	motile2+	0	0.25772727	572
GCA_000284335.1	acidophile	0	0.03	256
GCA_000284335.1	gram-positive	0	0.19784924	276
GCA_000284335.1	spore-forming	0	0.02061197	270
GCA_000284335.1	aerobic	0	0.02973619	298
GCA_000284335.1	anaerobic	1	0.8503516	295
GCA_000284335.1	thermophile	1	0.69155463	287
GCA_000284335.1	psychrophile	0	0.01600135	287
GCA_000284335.1	motile2+	0	0.10772727	272
GCA_000299355.1	acidophile	0	0.05	468
GCA_000299355.1	gram-positive	1	0.70282541	494
GCA_000299355.1	spore-forming	1	0.70272011	503
GCA_000299355.1	aerobic	0	0.00855079	513
GCA_000299355.1	anaerobic	1	0.99330365	504
GCA_000299355.1	thermophile	0	0.13187657	493
GCA_000299355.1	psychrophile	0	0.02788127	492
GCA_000299355.1	motile2+	1	0.82424947	456
GCA_000304355.2	acidophile	0	0.05618056	263
GCA_000304355.2	gram-positive	0	0.0728925	277
GCA_000304355.2	spore-forming	0	0.01501992	272
GCA_000304355.2	aerobic	0	0.04340011	292
GCA_000304355.2	anaerobic	1	0.98374932	290
GCA_000304355.2	thermophile	0	0.20338996	285
GCA_000304355.2	psychrophile	0	0.00455305	285
GCA_000304355.2	motile2+	0	0.06375	276
GCA_000310065.1	acidophile	0	0.04642857	481
GCA_000310065.1	gram-positive	1	0.9351811	533
GCA_000310065.1	spore-forming	0	0.07005642	552
GCA_000310065.1	aerobic	0	0.26492961	559
GCA_000310065.1	anaerobic	0	0.38968097	549
GCA_000310065.1	thermophile	0	2.801e-05	567
GCA_000310065.1	psychrophile	0	0.0014958	567
GCA_000310065.1	motile2+	0	0.015	552
GCA_000317495.1	acidophile	0	0.08	559
GCA_000317495.1	gram-positive	0	0.16564079	590
GCA_000317495.1	spore-forming	0	0.14310929	581
GCA_000317495.1	aerobic	1	0.62458673	618
GCA_000317495.1	anaerobic	0	0.26630543	605
GCA_000317495.1	thermophile	0	0.052119	605
GCA_000317495.1	psychrophile	1	0.54477746	603
GCA_000317495.1	motile2+	0	0.2578125	576
GCA_000317835.1	acidophile	0	0.025	548
GCA_000317835.1	gram-positive	1	0.56123961	586
GCA_000317835.1	spore-forming	0	0.10833333	591
GCA_000317835.1	aerobic	1	0.86387363	613
GCA_000317835.1	anaerobic	0	0.08853691	603
GCA_000317835.1	thermophile	0	0.04597221	594
GCA_000317835.1	psychrophile	0	0.08627157	594
GCA_000317835.1	motile2+	0	0.025	574
GCA_000327485.1	acidophile	0	0.04	260
GCA_000327485.1	gram-positive	0	0.08041692	278
GCA_000327485.1	spore-forming	0	0.03256101	271
GCA_000327485.1	aerobic	0	0.03882558	291
GCA_000327485.1	anaerobic	1	0.9466567	287
GCA_000327485.1	thermophile	0	0.09812488	283
GCA_000327485.1	psychrophile	0	0.00147016	283
GCA_000327485.1	motile2+	0	0.02	272
GCA_000331735.1	acidophile	0	0.065	727
GCA_000331735.1	gram-positive	0	0.07	762
GCA_000331735.1	spore-forming	0	0.16252632	756
GCA_000331735.1	aerobic	1	0.85826216	775
GCA_000331735.1	anaerobic	0	0.04753743	767
GCA_000331735.1	thermophile	0	0.03958475	775
GCA_000331735.1	psychrophile	0	0.04022707	774
GCA_000331735.1	motile2+	1	0.50638231	735
GCA_000347775.1	acidophile	0	0.0	762
GCA_000347775.1	gram-positive	0	0.00532258	812
GCA_000347775.1	spore-forming	0	0.03059719	731
GCA_000347775.1	aerobic	1	0.80067405	825
GCA_000347775.1	anaerobic	0	0.02555772	824
GCA_000347775.1	thermophile	0	0.00214146	813
GCA_000347775.1	psychrophile	0	0.05049545	809
GCA_000347775.1	motile2+	1	0.7941251	699
GCA_000349975.1	acidophile	0	0.066875	300
GCA_000349975.1	gram-positive	0	0.05021808	321
GCA_000349975.1	spore-forming	0	0.03799087	316
GCA_000349975.1	aerobic	0	0.04228173	340
GCA_000349975.1	anaerobic	0	0.07013412	333
GCA_000349975.1	thermophile	0	0.02433674	335
GCA_000349975.1	psychrophile	0	0.0116756	335
GCA_000349975.1	motile2+	1	0.71932222	300
GCA_000402035.1	acidophile	0	0.05	890
GCA_000402035.1	gram-positive	0	0.0116743	958
GCA_000402035.1	spore-forming	0	0.02826569	881
GCA_000402035.1	aerobic	1	0.92071514	972
GCA_000402035.1	anaerobic	0	0.01592892	964
GCA_000402035.1	thermophile	0	0.00131884	961
GCA_000402035.1	psychrophile	0	0.04274358	964
GCA_000402035.1	motile2+	1	0.82330788	821
GCA_000409365.2	acidophile	0	0.02	811
GCA_000409365.2	gram-positive	0	0.00038462	882
GCA_000409365.2	spore-forming	0	0.01807307	806
GCA_000409365.2	aerobic	0	0.35786858	915
GCA_000409365.2	anaerobic	0	0.01591167	917
GCA_000409365.2	thermophile	0	0.0	907
GCA_000409365.2	psychrophile	0	0.05003407	907
GCA_000409365.2	motile2+	1	0.73558913	763
GCA_000504105.1	acidophile	0	0.055	358
GCA_000504105.1	gram-positive	0	0.13314527	386
GCA_000504105.1	spore-forming	0	0.06509594	375
GCA_000504105.1	aerobic	0	0.0071884	400
GCA_000504105.1	anaerobic	1	0.97617233	396
GCA_000504105.1	thermophile	1	0.89279699	390
GCA_000504105.1	psychrophile	0	0.00137093	390
GCA_000504105.1	motile2+	0	0.420625	355
GCA_000511385.1	acidophile	0	0.03	710
GCA_000511385.1	gram-positive	0	0.005	726
GCA_000511385.1	spore-forming	0	0.03458194	680
GCA_000511385.1	aerobic	1	0.90748643	731
GCA_000511385.1	anaerobic	0	0.04440972	722
GCA_000511385.1	thermophile	0	0.00525	722
GCA_000511385.1	psychrophile	0	0.07361397	720
GCA_000511385.1	motile2+	1	0.64045103	659
GCA_000512735.1	acidophile	0	0.08019737	326
GCA_000512735.1	gram-positive	0	0.0297878	352
GCA_000512735.1	spore-forming	0	0.0404983	347
GCA_000512735.1	aerobic	0	0.14956653	380
GCA_000512735.1	anaerobic	1	0.51977505	371
GCA_000512735.1	thermophile	1	0.85630087	371
GCA_000512735.1	psychrophile	0	0.00701534	370
GCA_000512735.1	motile2+	0	0.44772727	337
GCA_000517565.1	acidophile	0	0.14	353
GCA_000517565.1	gram-positive	0	0.00577847	384
GCA_000517565.1	spore-forming	0	0.02863245	382
GCA_000517565.1	aerobic	0	0.03619242	413
GCA_000517565.1	anaerobic	1	0.92921085	407
GCA_000517565.1	thermophile	1	0.68982321	399
GCA_000517565.1	psychrophile	0	0.00821952	398
GCA_000517565.1	motile2+	1	0.57865556	367
GCA_000517625.1	acidophile	0	0.035	361
GCA_000517625.1	gram-positive	0	0.03901659	385
GCA_000517625.1	spore-forming	0	0.0450365	382
GCA_000517625.1	aerobic	1	0.87115075	407
GCA_000517625.1	anaerobic	0	0.05325176	399
GCA_000517625.1	thermophile	0	0.06431963	394
GCA_000517625.1	psychrophile	0	0.00575604	394
GCA_000517625.1	motile2+	0	0.01291667	379
GCA_000591035.1	acidophile	0	0.075125	178
GCA_000591035.1	gram-positive	0	0.08652834	191
GCA_000591035.1	spore-forming	0	0.02559205	191
GCA_000591035.1	aerobic	0	0.3812577	207
GCA_000591035.1	anaerobic	1	0.51955669	203
GCA_000591035.1	thermophile	1	0.93676179	199
GCA_000591035.1	psychrophile	0	0.00520095	199
GCA_000591035.1	motile2+	0	0.28329275	190
GCA_000612505.1	acidophile	0	0.02	701
GCA_000612505.1	gram-positive	1	0.67216288	736
GCA_000612505.1	spore-forming	1	0.87041995	776
GCA_000612505.1	aerobic	0	0.31400934	778
GCA_000612505.1	anaerobic	0	0.07397994	762
GCA_000612505.1	thermophile	0	0.02256634	743
GCA_000612505.1	psychrophile	0	0.04523929	743
GCA_000612505.1	motile2+	1	0.83184996	688
GCA_000661955.1	acidophile	0	0.015	734
GCA_000661955.1	gram-positive	0	0.005	782
GCA_000661955.1	spore-forming	0	0.00738363	717
GCA_000661955.1	aerobic	1	0.89664866	800
GCA_000661955.1	anaerobic	0	0.01325075	796
GCA_000661955.1	thermophile	0	0.00045455	789
GCA_000661955.1	psychrophile	0	0.0560606	789
GCA_000661955.1	motile2+	1	0.57796513	698
GCA_000695095.2	acidophile	0	0.075	582
GCA_000695095.2	gram-positive	0	0.01517241	618
GCA_000695095.2	spore-forming	0	0.04013245	602
GCA_000695095.2	aerobic	1	0.70351956	632
GCA_000695095.2	anaerobic	0	0.14620803	621
GCA_000695095.2	thermophile	0	0.06193942	617
GCA_000695095.2	psychrophile	0	0.08126921	614
GCA_000695095.2	motile2+	0	0.34	614
GCA_000699585.2	acidophile	0	0.04	508
GCA_000699585.2	gram-positive	1	0.50373144	540
GCA_000699585.2	spore-forming	1	0.60565874	552
GCA_000699585.2	aerobic	0	0.0080634	573
GCA_000699585.2	anaerobic	1	0.97425277	563
GCA_000699585.2	thermophile	0	0.07538113	548
GCA_000699585.2	psychrophile	0	0.03915889	548
GCA_000699585.2	motile2+	1	0.70640559	510
GCA_000734015.1	acidophile	0	0.0925	342
GCA_000734015.1	gram-positive	0	0.02244075	365
GCA_000734015.1	spore-forming	0	0.00629912	355
GCA_000734015.1	aerobic	0	0.00738407	393
GCA_000734015.1	anaerobic	1	0.97562402	384
GCA_000734015.1	thermophile	1	0.86871993	381
GCA_000734015.1	psychrophile	0	0.0052716	380
GCA_000734015.1	motile2+	1	0.57375	347
GCA_000738435.1	acidophile	0	0.0325	574
GCA_000738435.1	gram-positive	0	0.05	600
GCA_000738435.1	spore-forming	0	0.04712968	572
GCA_000738435.1	aerobic	1	0.85246633	613
GCA_000738435.1	anaerobic	0	0.07783689	604
GCA_000738435.1	thermophile	0	0.01800641	606
GCA_000738435.1	psychrophile	0	0.03413123	604
GCA_000738435.1	motile2+	0	0.42954711	548
GCA_000755145.1	acidophile	0	0.08	343
GCA_000755145.1	gram-positive	0	0.12044341	359
GCA_000755145.1	spore-forming	0	0.04150487	349
GCA_000755145.1	aerobic	0	0.02564006	369
GCA_000755145.1	anaerobic	1	0.92585787	362
GCA_000755145.1	thermophile	0	0.0648282	359
GCA_000755145.1	psychrophile	0	0.02586333	359
GCA_000755145.1	motile2+	0	0.47056746	330
GCA_000770675.1	acidophile	0	0.01	650
GCA_000770675.1	gram-positive	1	0.87210758	684
GCA_000770675.1	spore-forming	1	0.86887957	731
GCA_000770675.1	aerobic	1	0.7978804	715
GCA_000770675.1	anaerobic	0	0.02521034	703
GCA_000770675.1	thermophile	0	0.03718919	685
GCA_000770675.1	psychrophile	0	0.01523162	683
GCA_000770675.1	motile2+	1	0.89695747	636
GCA_000789255.1	acidophile	0	0.08202381	249
GCA_000789255.1	gram-positive	0	0.15736524	269
GCA_000789255.1	spore-forming	0	0.06001992	266
GCA_000789255.1	aerobic	0	0.08453933	285
GCA_000789255.1	anaerobic	1	0.97790382	282
GCA_000789255.1	thermophile	1	0.89200691	279
GCA_000789255.1	psychrophile	0	0.01025474	279
GCA_000789255.1	motile2+	0	0.12416667	257
GCA_000816305.1	acidophile	0	0.07591667	292
GCA_000816305.1	gram-positive	0	0.00954741	310
GCA_000816305.1	spore-forming	0	0.0002131	307
GCA_000816305.1	aerobic	0	0.04799579	336
GCA_000816305.1	anaerobic	0	0.11194688	327
GCA_000816305.1	thermophile	0	0.00562388	328
GCA_000816305.1	psychrophile	0	0.00279	328
GCA_000816305.1	motile2+	1	0.63034722	289
GCA_000828675.1	acidophile	0	0.05	363
GCA_000828675.1	gram-positive	0	0.13420815	388
GCA_000828675.1	spore-forming	0	0.04508065	381
GCA_000828675.1	aerobic	0	0.02060382	408
GCA_000828675.1	anaerobic	1	0.98373401	405
GCA_000828675.1	thermophile	1	0.87071	394
GCA_000828675.1	psychrophile	0	0.00264203	394
GCA_000828675.1	motile2+	0	0.3731713	365
GCA_000830005.1	acidophile	0	0.035	725
GCA_000830005.1	gram-positive	1	0.97774671	795
GCA_000830005.1	spore-forming	1	0.79657677	877
GCA_000830005.1	aerobic	1	0.94038617	804
GCA_000830005.1	anaerobic	0	0.00636845	795
GCA_000830005.1	thermophile	0	0.00511236	850
GCA_000830005.1	psychrophile	0	0.02999893	851
GCA_000830005.1	motile2+	0	0.0	817
GCA_000959725.1	acidophile	0	0.03	887
GCA_000959725.1	gram-positive	0	0.01111111	954
GCA_000959725.1	spore-forming	0	0.04469173	877
GCA_000959725.1	aerobic	1	0.94584508	958
GCA_000959725.1	anaerobic	0	0.01943366	950
GCA_000959725.1	thermophile	0	0.00565217	948
GCA_000959725.1	psychrophile	0	0.0275894	951
GCA_000959725.1	motile2+	1	0.8355154	810
GCA_000969945.1	acidophile	0	0.051125	305
GCA_000969945.1	gram-positive	0	0.16985119	326
GCA_000969945.1	spore-forming	0	0.06242857	320
GCA_000969945.1	aerobic	0	0.02271741	344
GCA_000969945.1	anaerobic	1	0.95975428	339
GCA_000969945.1	thermophile	0	0.09386605	335
GCA_000969945.1	psychrophile	0	0.00207223	335
GCA_000969945.1	motile2+	0	0.12391667	320
GCA_000969985.1	acidophile	0	0.061125	310
GCA_000969985.1	gram-positive	0	0.15193452	331
GCA_000969985.1	spore-forming	0	0.06132468	321
GCA_000969985.1	aerobic	0	0.02766012	348
GCA_000969985.1	anaerobic	1	0.96830674	344
GCA_000969985.1	thermophile	0	0.09789107	337
GCA_000969985.1	psychrophile	0	0.01205806	337
GCA_000969985.1	motile2+	0	0.111	323
GCA_000970145.1	acidophile	0	0.035625	340
GCA_000970145.1	gram-positive	0	0.19177976	360
GCA_000970145.1	spore-forming	0	0.06156277	351
GCA_000970145.1	aerobic	0	0.00596785	377
GCA_000970145.1	anaerobic	1	0.94735745	373
GCA_000970145.1	thermophile	0	0.06149542	365
GCA_000970145.1	psychrophile	0	0.05621656	365
GCA_000970145.1	motile2+	0	0.115	353
GCA_000970245.1	acidophile	0	0.06	308
GCA_000970245.1	gram-positive	0	0.12251785	328
GCA_000970245.1	spore-forming	0	0.0362381	318
GCA_000970245.1	aerobic	0	0.01591586	345
GCA_000970245.1	anaerobic	1	0.95239463	342
GCA_000970245.1	thermophile	0	0.11116874	334
GCA_000970245.1	psychrophile	0	0.0640095	334
GCA_000970245.1	motile2+	0	0.10891667	323
GCA_000970265.1	acidophile	0	0.040625	294
GCA_000970265.1	gram-positive	0	0.15361412	313
GCA_000970265.1	spore-forming	0	0.05104016	304
GCA_000970265.1	aerobic	0	0.00548671	329
GCA_000970265.1	anaerobic	1	0.97078135	325
GCA_000970265.1	thermophile	0	0.12781522	317
GCA_000970265.1	psychrophile	0	0.22239888	317
GCA_000970265.1	motile2+	0	0.12391667	311
GCA_001017655.1	acidophile	0	0.07	363
GCA_001017655.1	gram-positive	0	0.04207733	390
GCA_001017655.1	spore-forming	0	0.035	377
GCA_001017655.1	aerobic	0	0.10087873	410
GCA_001017655.1	anaerobic	1	0.69164694	402
GCA_001017655.1	thermophile	0	0.09174182	393
GCA_001017655.1	psychrophile	0	0.03607936	392
GCA_001017655.1	motile2+	0	0.09	393
GCA_001027025.1	acidophile	0	0.025	335
GCA_001027025.1	gram-positive	0	0.21909035	361
GCA_001027025.1	spore-forming	0	0.03073935	357
GCA_001027025.1	aerobic	0	0.01158058	381
GCA_001027025.1	anaerobic	1	0.97920016	377
GCA_001027025.1	thermophile	1	0.71714666	371
GCA_001027025.1	psychrophile	0	0.00164076	371
GCA_001027025.1	motile2+	0	0.21232143	353
GCA_001027545.1	acidophile	0	0.066	240
GCA_001027545.1	gram-positive	0	0.06642241	267
GCA_001027545.1	spore-forming	0	0.01516129	256
GCA_001027545.1	aerobic	0	0.04406428	286
GCA_001027545.1	anaerobic	1	0.8882601	277
GCA_001027545.1	thermophile	0	0.04418767	274
GCA_001027545.1	psychrophile	0	0.00395752	273
GCA_001027545.1	motile2+	0	0.15495833	276
GCA_001263395.1	acidophile	0	0.11855556	218
GCA_001263395.1	gram-positive	1	0.8172517	244
GCA_001263395.1	spore-forming	0	0.01509658	258
GCA_001263395.1	aerobic	0	0.04051476	256
GCA_001263395.1	anaerobic	1	0.71334746	249
GCA_001263395.1	thermophile	0	0.01102801	261
GCA_001263395.1	psychrophile	0	0.0099305	261
GCA_001263395.1	motile2+	0	0.01916667	255
GCA_001305575.3	acidophile	0	0.07	627
GCA_001305575.3	gram-positive	0	0.01	671
GCA_001305575.3	spore-forming	0	0.01510417	617
GCA_001305575.3	aerobic	1	0.55381282	694
GCA_001305575.3	anaerobic	0	0.24616081	686
GCA_001305575.3	thermophile	0	0.01710837	684
GCA_001305575.3	psychrophile	0	0.05020573	682
GCA_001305575.3	motile2+	0	0.40094832	604
GCA_001305675.1	acidophile	0	0.03625	535
GCA_001305675.1	gram-positive	1	0.95631966	598
GCA_001305675.1	spore-forming	0	0.18366152	640
GCA_001305675.1	aerobic	1	0.87387427	619
GCA_001305675.1	anaerobic	0	0.01762974	609
GCA_001305675.1	thermophile	0	0.00508621	645
GCA_001305675.1	psychrophile	0	0.02820382	645
GCA_001305675.1	motile2+	0	0.0	622
GCA_001306115.1	acidophile	0	0.015	478
GCA_001306115.1	gram-positive	0	0.22737068	500
GCA_001306115.1	spore-forming	0	0.06666667	503
GCA_001306115.1	aerobic	0	0.13700965	518
GCA_001306115.1	anaerobic	1	0.80861556	512
GCA_001306115.1	thermophile	0	0.35224815	505
GCA_001306115.1	psychrophile	0	0.03593005	505
GCA_001306115.1	motile2+	0	0.33198214	477
GCA_001481685.1	acidophile	0	0.127625	118
GCA_001481685.1	gram-positive	0	0.06516723	135
GCA_001481685.1	spore-forming	0	0.0400365	134
GCA_001481685.1	aerobic	0	0.02136733	148
GCA_001481685.1	anaerobic	1	0.91839284	146
GCA_001481685.1	thermophile	1	0.88095254	146
GCA_001481685.1	psychrophile	0	5.53e-05	146
GCA_001481685.1	motile2+	1	0.70831683	133
GCA_001482365.1	acidophile	0	0.015	494
GCA_001482365.1	gram-positive	1	0.93167724	557
GCA_001482365.1	spore-forming	0	0.06668312	580
GCA_001482365.1	aerobic	1	0.89784654	572
GCA_001482365.1	anaerobic	0	0.01443595	565
GCA_001482365.1	thermophile	0	0.01180915	595
GCA_001482365.1	psychrophile	0	0.03973206	595
GCA_001482365.1	motile2+	0	0.005	576
GCA_001542625.2	acidophile	0	0.1	742
GCA_001542625.2	gram-positive	1	0.96253335	808
GCA_001542625.2	spore-forming	1	0.83212188	893
GCA_001542625.2	aerobic	1	0.94823645	819
GCA_001542625.2	anaerobic	0	0.01935879	810
GCA_001542625.2	thermophile	0	0.005	860
GCA_001542625.2	psychrophile	0	0.02256684	861
GCA_001542625.2	motile2+	0	0.01	832
GCA_001548275.1	acidophile	0	0.0925	320
GCA_001548275.1	gram-positive	0	0.00582414	341
GCA_001548275.1	spore-forming	0	0.01596578	336
GCA_001548275.1	aerobic	0	0.01420274	369
GCA_001548275.1	anaerobic	1	0.9604954	363
GCA_001548275.1	thermophile	1	0.84754781	359
GCA_001548275.1	psychrophile	0	0.01354947	359
GCA_001548275.1	motile2+	1	0.58072222	325
GCA_001563245.1	acidophile	0	0.0796627	202
GCA_001563245.1	gram-positive	0	0.26914873	217
GCA_001563245.1	spore-forming	0	0.00780117	212
GCA_001563245.1	aerobic	0	0.02048171	233
GCA_001563245.1	anaerobic	1	0.93929672	229
GCA_001563245.1	thermophile	0	0.12968187	225
GCA_001563245.1	psychrophile	0	0.00044858	225
GCA_001563245.1	motile2+	0	0.16041667	212
GCA_001618865.1	acidophile	0	0.135	666
GCA_001618865.1	gram-positive	0	0.05634307	704
GCA_001618865.1	spore-forming	0	0.04371201	688
GCA_001618865.1	aerobic	1	0.82151559	712
GCA_001618865.1	anaerobic	0	0.07206481	702
GCA_001618865.1	thermophile	0	0.0499885	702
GCA_001618865.1	psychrophile	0	0.10598094	701
GCA_001618865.1	motile2+	0	0.37375	690
GCA_001632775.1	acidophile	0	0.015	650
GCA_001632775.1	gram-positive	0	0.00021739	694
GCA_001632775.1	spore-forming	0	0.00879938	631
GCA_001632775.1	aerobic	1	0.94685703	706
GCA_001632775.1	anaerobic	0	0.01436267	699
GCA_001632775.1	thermophile	0	0.0135875	695
GCA_001632775.1	psychrophile	0	0.04241539	695
GCA_001632775.1	motile2+	0	0.28623575	634
GCA_001634285.1	acidophile	0	0.075	623
GCA_001634285.1	gram-positive	1	0.89377273	658
GCA_001634285.1	spore-forming	1	0.90708829	697
GCA_001634285.1	aerobic	1	0.65376816	695
GCA_001634285.1	anaerobic	0	0.04169854	683
GCA_001634285.1	thermophile	1	0.58586534	668
GCA_001634285.1	psychrophile	0	0.01659106	668
GCA_001634285.1	motile2+	1	0.89032372	613
GCA_001644645.1	acidophile	0	0.025	566
GCA_001644645.1	gram-positive	0	0.06096286	592
GCA_001644645.1	spore-forming	0	0.01032778	579
GCA_001644645.1	aerobic	1	0.92372242	596
GCA_001644645.1	anaerobic	0	0.04899846	588
GCA_001644645.1	thermophile	0	0.0106631	582
GCA_001644645.1	psychrophile	0	0.0858518	581
GCA_001644645.1	motile2+	0	0.015625	655
GCA_001648555.1	acidophile	0	0.01	619
GCA_001648555.1	gram-positive	1	0.88984061	658
GCA_001648555.1	spore-forming	1	0.8846573	701
GCA_001648555.1	aerobic	1	0.84583896	687
GCA_001648555.1	anaerobic	0	0.01229004	674
GCA_001648555.1	thermophile	0	0.0444812	661
GCA_001648555.1	psychrophile	0	0.02041737	660
GCA_001648555.1	motile2+	1	0.91341778	615
GCA_001676785.2	acidophile	0	0.075	367
GCA_001676785.2	gram-positive	0	0.15190365	388
GCA_001676785.2	spore-forming	0	0.05173512	381
GCA_001676785.2	aerobic	0	0.04096081	405
GCA_001676785.2	anaerobic	1	0.84465327	392
GCA_001676785.2	thermophile	0	0.10780579	387
GCA_001676785.2	psychrophile	0	0.02381296	386
GCA_001676785.2	motile2+	0	0.38375	365
GCA_001687585.2	acidophile	0	0.01	581
GCA_001687585.2	gram-positive	1	0.86606439	623
GCA_001687585.2	spore-forming	0	0.38703374	654
GCA_001687585.2	aerobic	1	0.89829705	658
GCA_001687585.2	anaerobic	0	0.01174753	646
GCA_001687585.2	thermophile	0	0.02602707	629
GCA_001687585.2	psychrophile	0	0.02083706	628
GCA_001687585.2	motile2+	1	0.50873885	592
GCA_001701045.1	acidophile	0	0.085	408
GCA_001701045.1	gram-positive	0	0.05543378	444
GCA_001701045.1	spore-forming	0	0.03386585	428
GCA_001701045.1	aerobic	0	0.01140339	468
GCA_001701045.1	anaerobic	1	0.93247007	460
GCA_001701045.1	thermophile	0	0.10285262	453
GCA_001701045.1	psychrophile	0	0.01733884	452
GCA_001701045.1	motile2+	0	0.0515625	418
GCA_001747405.1	acidophile	0	0.1025	419
GCA_001747405.1	gram-positive	0	0.04380368	450
GCA_001747405.1	spore-forming	0	0.05089912	438
GCA_001747405.1	aerobic	0	0.07580878	482
GCA_001747405.1	anaerobic	1	0.80108555	471
GCA_001747405.1	thermophile	0	0.13701043	467
GCA_001747405.1	psychrophile	0	0.02792385	467
GCA_001747405.1	motile2+	0	0.18947917	450
GCA_001831475.1	acidophile	0	0.03	430
GCA_001831475.1	gram-positive	0	0.00222222	459
GCA_001831475.1	spore-forming	0	0.01	434
GCA_001831475.1	aerobic	1	0.8953193	468
GCA_001831475.1	anaerobic	0	0.04419494	462
GCA_001831475.1	thermophile	0	0.00773183	452
GCA_001831475.1	psychrophile	0	0.20986025	448
GCA_001831475.1	motile2+	0	0.005625	522
GCA_001831495.1	acidophile	0	0.02	642
GCA_001831495.1	gram-positive	0	0.0125	698
GCA_001831495.1	spore-forming	0	0.0125	627
GCA_001831495.1	aerobic	1	0.77613146	717
GCA_001831495.1	anaerobic	0	0.04395453	718
GCA_001831495.1	thermophile	0	0.01551957	709
GCA_001831495.1	psychrophile	0	0.09607686	706
GCA_001831495.1	motile2+	0	0.18142997	632
GCA_001855385.1	acidophile	0	0.015	444
GCA_001855385.1	gram-positive	1	0.61363189	472
GCA_001855385.1	spore-forming	0	0.42904075	477
GCA_001855385.1	aerobic	0	0.03319611	497
GCA_001855385.1	anaerobic	1	0.97104087	490
GCA_001855385.1	thermophile	0	0.11913299	479
GCA_001855385.1	psychrophile	0	0.03080778	478
GCA_001855385.1	motile2+	1	0.72091822	438
GCA_001886815.1	acidophile	0	0.055	569
GCA_001886815.1	gram-positive	0	0.02208028	598
GCA_001886815.1	spore-forming	0	0.06075745	592
GCA_001886815.1	aerobic	0	0.39814354	634
GCA_001886815.1	anaerobic	0	0.47424944	622
GCA_001886815.1	thermophile	1	0.6118052	611
GCA_001886815.1	psychrophile	0	0.07803964	611
GCA_001886815.1	motile2+	0	0.46455898	590
GCA_001931535.1	acidophile	0	0.096875	692
GCA_001931535.1	gram-positive	0	0.16801189	726
GCA_001931535.1	spore-forming	0	0.16864059	718
GCA_001931535.1	aerobic	1	0.78863759	746
GCA_001931535.1	anaerobic	0	0.11718727	738
GCA_001931535.1	thermophile	0	0.02008197	746
GCA_001931535.1	psychrophile	0	0.07416701	744
GCA_001931535.1	motile2+	0	0.30404762	706
GCA_001941565.1	acidophile	0	0.025	360
GCA_001941565.1	gram-positive	1	0.92082537	405
GCA_001941565.1	spore-forming	0	0.01634248	420
GCA_001941565.1	aerobic	0	0.3748874	429
GCA_001941565.1	anaerobic	0	0.07322514	420
GCA_001941565.1	thermophile	0	0.00041557	442
GCA_001941565.1	psychrophile	0	0.01350914	442
GCA_001941565.1	motile2+	0	0.03	428
GCA_001953175.1	acidophile	0	0.065	299
GCA_001953175.1	gram-positive	0	0.35710443	326
GCA_001953175.1	spore-forming	0	0.03990165	318
GCA_001953175.1	aerobic	0	0.05526486	343
GCA_001953175.1	anaerobic	1	0.92700602	336
GCA_001953175.1	thermophile	0	0.29493469	333
GCA_001953175.1	psychrophile	0	0.02626957	333
GCA_001953175.1	motile2+	0	0.07166667	329
GCA_001983995.1	acidophile	0	0.03	696
GCA_001983995.1	gram-positive	0	0.00955808	748
GCA_001983995.1	spore-forming	0	0.02973876	679
GCA_001983995.1	aerobic	1	0.82205779	762
GCA_001983995.1	anaerobic	0	0.06297613	760
GCA_001983995.1	thermophile	0	0.03430281	751
GCA_001983995.1	psychrophile	0	0.0836624	749
GCA_001983995.1	motile2+	1	0.6500242	666
GCA_002022125.1	acidophile	0	0.08135714	530
GCA_002022125.1	gram-positive	0	0.01004566	562
GCA_002022125.1	spore-forming	0	0.01148414	551
GCA_002022125.1	aerobic	1	0.9267552	578
GCA_002022125.1	anaerobic	0	0.01598691	571
GCA_002022125.1	thermophile	0	0.00501266	561
GCA_002022125.1	psychrophile	0	0.07213814	559
GCA_002022125.1	motile2+	0	0.005	617
GCA_002218045.2	acidophile	0	0.02	733
GCA_002218045.2	gram-positive	0	0.0	791
GCA_002218045.2	spore-forming	0	0.02569119	720
GCA_002218045.2	aerobic	0	0.30492914	815
GCA_002218045.2	anaerobic	0	0.0434032	820
GCA_002218045.2	thermophile	0	0.00035714	808
GCA_002218045.2	psychrophile	0	0.08027842	805
GCA_002218045.2	motile2+	0	0.38125677	701
GCA_002310795.1	acidophile	0	0.01	726
GCA_002310795.1	gram-positive	0	0.005	772
GCA_002310795.1	spore-forming	0	0.02001529	688
GCA_002310795.1	aerobic	1	0.88491494	791
GCA_002310795.1	anaerobic	0	0.0232303	791
GCA_002310795.1	thermophile	0	0.00444444	776
GCA_002310795.1	psychrophile	0	0.13303012	776
GCA_002310795.1	motile2+	1	0.76512303	674
GCA_002355855.1	acidophile	0	0.015	606
GCA_002355855.1	gram-positive	0	0.01725	643
GCA_002355855.1	spore-forming	0	0.02290871	607
GCA_002355855.1	aerobic	1	0.9136655	649
GCA_002355855.1	anaerobic	0	0.0278035	642
GCA_002355855.1	thermophile	0	0.00111967	644
GCA_002355855.1	psychrophile	0	0.04217629	642
GCA_002355855.1	motile2+	1	0.59807615	582
GCA_002407065.1	acidophile	0	0.01940476	501
GCA_002407065.1	gram-positive	1	0.91945726	551
GCA_002407065.1	spore-forming	0	0.07368659	583
GCA_002407065.1	aerobic	1	0.8836657	573
GCA_002407065.1	anaerobic	0	0.02506991	563
GCA_002407065.1	thermophile	0	0.00583333	596
GCA_002407065.1	psychrophile	0	0.03112142	596
GCA_002407065.1	motile2+	0	0.035	583
GCA_002688605.1	acidophile	0	0.015	743
GCA_002688605.1	gram-positive	1	0.89637052	786
GCA_002688605.1	spore-forming	1	0.91569055	833
GCA_002688605.1	aerobic	1	0.79422419	825
GCA_002688605.1	anaerobic	0	0.00533139	812
GCA_002688605.1	thermophile	0	0.01829859	798
GCA_002688605.1	psychrophile	0	0.0330276	797
GCA_002688605.1	motile2+	1	0.88573194	733
GCA_002736065.1	acidophile	0	0.01	896
GCA_002736065.1	gram-positive	0	0.01111111	960
GCA_002736065.1	spore-forming	0	0.03057652	873
GCA_002736065.1	aerobic	1	0.95874265	968
GCA_002736065.1	anaerobic	0	0.0082381	971
GCA_002736065.1	thermophile	0	0.01	964
GCA_002736065.1	psychrophile	0	0.03907214	965
GCA_002736065.1	motile2+	1	0.81044228	817
GCA_002812485.1	acidophile	0	0.045	787
GCA_002812485.1	gram-positive	0	0.0	858
GCA_002812485.1	spore-forming	0	0.01506024	786
GCA_002812485.1	aerobic	0	0.18164839	891
GCA_002812485.1	anaerobic	0	0.02471104	891
GCA_002812485.1	thermophile	0	0.005	887
GCA_002812485.1	psychrophile	0	0.05412489	886
GCA_002812485.1	motile2+	1	0.67410211	735
GCA_002814135.1	acidophile	0	0.16	334
GCA_002814135.1	gram-positive	1	0.91388704	352
GCA_002814135.1	spore-forming	0	0.01611358	368
GCA_002814135.1	aerobic	0	0.01508056	377
GCA_002814135.1	anaerobic	0	0.05440725	369
GCA_002814135.1	thermophile	0	0.02004464	356
GCA_002814135.1	psychrophile	0	5.355e-05	356
GCA_002814135.1	motile2+	0	0.01	345
GCA_002945325.1	acidophile	0	0.06145833	222
GCA_002945325.1	gram-positive	0	0.185661	235
GCA_002945325.1	spore-forming	0	0.02735673	230
GCA_002945325.1	aerobic	0	0.01913951	250
GCA_002945325.1	anaerobic	1	0.98632713	247
GCA_002945325.1	thermophile	0	0.30560047	243
GCA_002945325.1	psychrophile	0	0.00572596	242
GCA_002945325.1	motile2+	0	0.15318333	233
GCA_003173015.1	acidophile	0	0.0805	446
GCA_003173015.1	gram-positive	0	0.2085679	479
GCA_003173015.1	spore-forming	0	0.07583333	482
GCA_003173015.1	aerobic	1	0.77688761	505
GCA_003173015.1	anaerobic	0	0.10249612	496
GCA_003173015.1	thermophile	0	0.03342293	490
GCA_003173015.1	psychrophile	0	0.11365097	490
GCA_003173015.1	motile2+	0	0.06416667	474
GCA_003201675.2	acidophile	0	0.23672222	200
GCA_003201675.2	gram-positive	0	0.11742059	218
GCA_003201675.2	spore-forming	0	0.03103927	215
GCA_003201675.2	aerobic	0	0.22558399	235
GCA_003201675.2	anaerobic	1	0.81403864	230
GCA_003201675.2	thermophile	1	0.9218366	225
GCA_003201675.2	psychrophile	0	0.01120504	225
GCA_003201675.2	motile2+	0	0.13106061	214
GCA_003258605.2	acidophile	0	0.03980519	656
GCA_003258605.2	gram-positive	1	0.97083668	723
GCA_003258605.2	spore-forming	1	0.80945497	797
GCA_003258605.2	aerobic	1	0.93534697	740
GCA_003258605.2	anaerobic	0	0.03051707	733
GCA_003258605.2	thermophile	0	0.0	778
GCA_003258605.2	psychrophile	0	0.021596	776
GCA_003258605.2	motile2+	0	0.0	757
GCA_003345255.1	acidophile	0	0.03	651
GCA_003345255.1	gram-positive	0	0.00521739	707
GCA_003345255.1	spore-forming	0	0.02138402	645
GCA_003345255.1	aerobic	0	0.45424833	733
GCA_003345255.1	anaerobic	0	0.15985871	723
GCA_003345255.1	thermophile	0	0.17189177	717
GCA_003345255.1	psychrophile	0	0.05466901	715
GCA_003345255.1	motile2+	1	0.74963519	607
GCA_003359295.2	acidophile	0	0.04	585
GCA_003359295.2	gram-positive	0	0.015	644
GCA_003359295.2	spore-forming	0	0.01236822	587
GCA_003359295.2	aerobic	1	0.8864366	674
GCA_003359295.2	anaerobic	0	0.02486417	667
GCA_003359295.2	thermophile	0	0.01	660
GCA_003359295.2	psychrophile	0	0.02595735	659
GCA_003359295.2	motile2+	0	0.17854167	587
GCA_003363775.1	acidophile	0	0.0955	69
GCA_003363775.1	gram-positive	0	0.47962582	74
GCA_003363775.1	spore-forming	0	0.01619531	69
GCA_003363775.1	aerobic	0	0.09383622	74
GCA_003363775.1	anaerobic	0	0.04929685	73
GCA_003363775.1	thermophile	0	0.00019089	72
GCA_003363775.1	psychrophile	0	0.00010821	72
GCA_003363775.1	motile2+	0	0.09612121	71
GCA_003711105.1	acidophile	0	0.03409091	714
GCA_003711105.1	gram-positive	1	0.95149081	776
GCA_003711105.1	spore-forming	1	0.75187576	851
GCA_003711105.1	aerobic	1	0.93769219	788
GCA_003711105.1	anaerobic	0	0.02046233	779
GCA_003711105.1	thermophile	0	0.00926764	830
GCA_003711105.1	psychrophile	0	0.0172079	828
GCA_003711105.1	motile2+	0	0.22	794
GCA_003716935.1	acidophile	0	0.0765	319
GCA_003716935.1	gram-positive	0	0.03522049	354
GCA_003716935.1	spore-forming	0	0.0207284	338
GCA_003716935.1	aerobic	0	0.097621	378
GCA_003716935.1	anaerobic	1	0.81345338	367
GCA_003716935.1	thermophile	0	0.01267656	364
GCA_003716935.1	psychrophile	0	0.03250198	363
GCA_003716935.1	motile2+	0	0.04188312	343
GCA_003722335.1	acidophile	0	0.075	730
GCA_003722335.1	gram-positive	0	0.01125	765
GCA_003722335.1	spore-forming	0	0.03560086	722
GCA_003722335.1	aerobic	1	0.9547491	759
GCA_003722335.1	anaerobic	0	0.01208493	750
GCA_003722335.1	thermophile	0	0.01054545	753
GCA_003722335.1	psychrophile	0	0.05404708	753
GCA_003722335.1	motile2+	1	0.73141799	700
GCA_003795125.1	acidophile	0	0.1253373	402
GCA_003795125.1	gram-positive	1	0.94072492	423
GCA_003795125.1	spore-forming	0	0.01688011	438
GCA_003795125.1	aerobic	0	0.06301858	451
GCA_003795125.1	anaerobic	0	0.08207263	442
GCA_003795125.1	thermophile	0	0.01121212	427
GCA_003795125.1	psychrophile	0	0.00981126	427
GCA_003795125.1	motile2+	0	0.035	405
GCA_003860565.1	acidophile	0	0.05	438
GCA_003860565.1	gram-positive	0	0.00528376	456
GCA_003860565.1	spore-forming	0	0.01540519	448
GCA_003860565.1	aerobic	1	0.83916547	480
GCA_003860565.1	anaerobic	0	0.05092697	474
GCA_003860565.1	thermophile	0	0.00027883	463
GCA_003860565.1	psychrophile	0	0.08947877	462
GCA_003860565.1	motile2+	0	0.005	520
GCA_003925935.1	acidophile	0	0.088	40
GCA_003925935.1	gram-positive	1	0.50327134	43
GCA_003925935.1	spore-forming	0	0.01077864	39
GCA_003925935.1	aerobic	0	0.24118834	40
GCA_003925935.1	anaerobic	0	0.0647435	40
GCA_003925935.1	thermophile	0	0.00054835	40
GCA_003925935.1	psychrophile	0	6.961e-05	40
GCA_003925935.1	motile2+	0	0.09921645	38
GCA_004006475.1	acidophile	0	0.025	726
GCA_004006475.1	gram-positive	1	0.88052918	766
GCA_004006475.1	spore-forming	1	0.84994557	809
GCA_004006475.1	aerobic	1	0.86285744	796
GCA_004006475.1	anaerobic	0	0.02036666	784
GCA_004006475.1	thermophile	0	0.0671903	771
GCA_004006475.1	psychrophile	0	0.04186301	770
GCA_004006475.1	motile2+	0	0.4277317	733
GCA_004063735.1	acidophile	0	0.07666667	761
GCA_004063735.1	gram-positive	0	0.01532258	793
GCA_004063735.1	spore-forming	0	0.02915263	745
GCA_004063735.1	aerobic	1	0.8036438	800
GCA_004063735.1	anaerobic	0	0.04892962	793
GCA_004063735.1	thermophile	0	0.0	794
GCA_004063735.1	psychrophile	0	0.05567942	794
GCA_004063735.1	motile2+	0	0.402226	714
GCA_004087915.1	acidophile	0	0.03	493
GCA_004087915.1	gram-positive	0	0.03217241	526
GCA_004087915.1	spore-forming	0	0.03341667	508
GCA_004087915.1	aerobic	0	0.04152593	556
GCA_004087915.1	anaerobic	1	0.95650879	545
GCA_004087915.1	thermophile	0	0.06644136	540
GCA_004087915.1	psychrophile	0	0.01288592	539
GCA_004087915.1	motile2+	1	0.61487132	492
GCA_004208635.1	acidophile	0	0.0225	390
GCA_004208635.1	gram-positive	1	0.92342994	444
GCA_004208635.1	spore-forming	0	0.00752661	446
GCA_004208635.1	aerobic	1	0.87126656	466
GCA_004208635.1	anaerobic	0	0.03356976	458
GCA_004208635.1	thermophile	0	0.00063355	474
GCA_004208635.1	psychrophile	0	0.0383318	473
GCA_004208635.1	motile2+	0	0.01	455
GCA_004359195.1	acidophile	0	0.01	447
GCA_004359195.1	gram-positive	0	0.02	472
GCA_004359195.1	spore-forming	0	0.005	460
GCA_004359195.1	aerobic	1	0.90623075	491
GCA_004359195.1	anaerobic	0	0.04248116	484
GCA_004359195.1	thermophile	0	0.00527883	472
GCA_004359195.1	psychrophile	0	0.08950766	471
GCA_004359195.1	motile2+	0	0.01	534
GCA_004359375.1	acidophile	1	0.56351555	225
GCA_004359375.1	gram-positive	1	0.91933751	241
GCA_004359375.1	spore-forming	0	0.01021317	248
GCA_004359375.1	aerobic	0	0.09991708	249
GCA_004359375.1	anaerobic	0	0.1142654	244
GCA_004359375.1	thermophile	0	0.005	234
GCA_004359375.1	psychrophile	0	0.00088747	234
GCA_004359375.1	motile2+	0	0.005	237
GCA_004367585.1	acidophile	0	0.01	615
GCA_004367585.1	gram-positive	1	0.86503725	654
GCA_004367585.1	spore-forming	1	0.70236432	694
GCA_004367585.1	aerobic	1	0.65235514	685
GCA_004367585.1	anaerobic	0	0.03532346	674
GCA_004367585.1	thermophile	0	0.0300173	660
GCA_004367585.1	psychrophile	0	0.02254939	659
GCA_004367585.1	motile2+	0	0.15561645	630
GCA_004777465.1	acidophile	0	0.04	479
GCA_004777465.1	gram-positive	1	0.96071696	531
GCA_004777465.1	spore-forming	0	0.05700211	557
GCA_004777465.1	aerobic	1	0.81845579	555
GCA_004777465.1	anaerobic	0	0.09284346	546
GCA_004777465.1	thermophile	0	0.02066964	564
GCA_004777465.1	psychrophile	0	0.02999567	564
GCA_004777465.1	motile2+	0	0.305	545
GCA_004924335.1	acidophile	0	0.047	543
GCA_004924335.1	gram-positive	1	0.97243753	604
GCA_004924335.1	spore-forming	0	0.18649276	646
GCA_004924335.1	aerobic	1	0.89333961	624
GCA_004924335.1	anaerobic	0	0.02191642	616
GCA_004924335.1	thermophile	0	0.0	652
GCA_004924335.1	psychrophile	0	0.00745171	653
GCA_004924335.1	motile2+	0	0.005	630
GCA_005671395.1	acidophile	0	0.03916667	839
GCA_005671395.1	gram-positive	0	0.00521739	912
GCA_005671395.1	spore-forming	0	0.02766441	842
GCA_005671395.1	aerobic	0	0.26697189	945
GCA_005671395.1	anaerobic	0	0.01054202	947
GCA_005671395.1	thermophile	0	0.0021875	940
GCA_005671395.1	psychrophile	0	0.07265387	939
GCA_005671395.1	motile2+	1	0.78571627	792
GCA_006159205.1	acidophile	0	0.015	544
GCA_006159205.1	gram-positive	0	0.01	572
GCA_006159205.1	spore-forming	0	0.00618219	556
GCA_006159205.1	aerobic	1	0.94904894	585
GCA_006159205.1	anaerobic	0	0.01668491	583
GCA_006159205.1	thermophile	0	0.00503657	569
GCA_006159205.1	psychrophile	0	0.20295526	566
GCA_006159205.1	motile2+	0	0.005	646
GCA_006704205.1	acidophile	0	0.01	716
GCA_006704205.1	gram-positive	1	0.82944053	752
GCA_006704205.1	spore-forming	1	0.88078869	809
GCA_006704205.1	aerobic	1	0.80635425	783
GCA_006704205.1	anaerobic	0	0.01242281	772
GCA_006704205.1	thermophile	0	0.04099629	761
GCA_006704205.1	psychrophile	0	0.03385196	758
GCA_006704205.1	motile2+	1	0.90460213	711
GCA_007641255.1	acidophile	0	0.04	631
GCA_007641255.1	gram-positive	0	0.09163208	671
GCA_007641255.1	spore-forming	1	0.56051772	682
GCA_007641255.1	aerobic	0	0.01961165	717
GCA_007641255.1	anaerobic	1	0.98197547	706
GCA_007641255.1	thermophile	0	0.1115674	693
GCA_007641255.1	psychrophile	0	0.06138318	693
GCA_007641255.1	motile2+	1	0.66841979	613
GCA_007751035.1	acidophile	0	0.05	566
GCA_007751035.1	gram-positive	0	0.08012422	606
GCA_007751035.1	spore-forming	0	0.1152459	587
GCA_007751035.1	aerobic	1	0.79969949	631
GCA_007751035.1	anaerobic	0	0.06496194	622
GCA_007751035.1	thermophile	0	0.01478279	620
GCA_007751035.1	psychrophile	0	0.05266643	617
GCA_007751035.1	motile2+	0	0.404159	572
GCA_007751715.1	acidophile	0	0.01	541
GCA_007751715.1	gram-positive	0	0.01028605	572
GCA_007751715.1	spore-forming	0	0.08009375	559
GCA_007751715.1	aerobic	1	0.83447663	603
GCA_007751715.1	anaerobic	0	0.12670209	593
GCA_007751715.1	thermophile	0	0.00132294	589
GCA_007751715.1	psychrophile	0	0.0501536	587
GCA_007751715.1	motile2+	0	0.41829075	565
GCA_007753265.1	acidophile	0	0.02166667	526
GCA_007753265.1	gram-positive	0	0.02392241	554
GCA_007753265.1	spore-forming	0	0.11016667	535
GCA_007753265.1	aerobic	1	0.64814274	575
GCA_007753265.1	anaerobic	0	0.241213	565
GCA_007753265.1	thermophile	0	0.0259375	561
GCA_007753265.1	psychrophile	0	0.12581154	559
GCA_007753265.1	motile2+	0	0.40798137	535
GCA_007795095.1	acidophile	0	0.028	588
GCA_007795095.1	gram-positive	0	0.00053997	624
GCA_007795095.1	spore-forming	0	0.01590909	570
GCA_007795095.1	aerobic	1	0.87027296	646
GCA_007795095.1	anaerobic	0	0.0780511	638
GCA_007795095.1	thermophile	0	0.06116176	632
GCA_007795095.1	psychrophile	0	0.03879626	632
GCA_007795095.1	motile2+	0	0.37150211	551
GCA_008000815.1	acidophile	0	0.425	631
GCA_008000815.1	gram-positive	0	0.03688889	667
GCA_008000815.1	spore-forming	0	0.04855267	659
GCA_008000815.1	aerobic	1	0.88135137	682
GCA_008000815.1	anaerobic	0	0.03635219	673
GCA_008000815.1	thermophile	0	0.02125802	676
GCA_008000815.1	psychrophile	0	0.18384415	676
GCA_008000815.1	motile2+	0	0.27875	657
GCA_008118345.1	acidophile	0	0.27428571	544
GCA_008118345.1	gram-positive	0	0.015	582
GCA_008118345.1	spore-forming	0	0.03097685	556
GCA_008118345.1	aerobic	1	0.83976609	595
GCA_008118345.1	anaerobic	0	0.0467796	587
GCA_008118345.1	thermophile	0	0.01022727	586
GCA_008118345.1	psychrophile	0	0.02260611	584
GCA_008118345.1	motile2+	1	0.62108966	557
GCA_008369805.1	acidophile	0	0.37937662	356
GCA_008369805.1	gram-positive	1	0.93718933	379
GCA_008369805.1	spore-forming	0	0.01030121	398
GCA_008369805.1	aerobic	0	0.02662924	407
GCA_008369805.1	anaerobic	0	0.11360721	397
GCA_008369805.1	thermophile	0	0.005	382
GCA_008369805.1	psychrophile	0	0.01525285	382
GCA_008369805.1	motile2+	0	0.005	374
GCA_008728195.1	acidophile	0	0.0275	755
GCA_008728195.1	gram-positive	0	0.00032258	781
GCA_008728195.1	spore-forming	0	0.0482274	734
GCA_008728195.1	aerobic	1	0.87900532	780
GCA_008728195.1	anaerobic	0	0.04612862	771
GCA_008728195.1	thermophile	0	0.00997917	777
GCA_008728195.1	psychrophile	0	0.06361211	777
GCA_008728195.1	motile2+	1	0.5453642	703
GCA_008728915.1	acidophile	0	0.087375	57
GCA_008728915.1	gram-positive	1	0.50199341	62
GCA_008728915.1	spore-forming	0	0.01577864	55
GCA_008728915.1	aerobic	0	0.15571034	61
GCA_008728915.1	anaerobic	0	0.07493616	61
GCA_008728915.1	thermophile	0	0.00019089	58
GCA_008728915.1	psychrophile	0	4.869e-05	58
GCA_008728915.1	motile2+	0	0.10864827	57
GCA_009496975.1	acidophile	0	0.39641997	244
GCA_009496975.1	gram-positive	1	0.93106246	260
GCA_009496975.1	spore-forming	0	0.01045907	270
GCA_009496975.1	aerobic	0	0.06511742	271
GCA_009496975.1	anaerobic	0	0.13385382	269
GCA_009496975.1	thermophile	0	0.00516129	257
GCA_009496975.1	psychrophile	0	0.00113401	257
GCA_009496975.1	motile2+	0	0.005	258
GCA_009930795.1	acidophile	0	0.03	446
GCA_009930795.1	gram-positive	1	0.95124895	498
GCA_009930795.1	spore-forming	0	0.02982163	514
GCA_009930795.1	aerobic	1	0.90127144	518
GCA_009930795.1	anaerobic	0	0.0303654	510
GCA_009930795.1	thermophile	0	0.015	530
GCA_009930795.1	psychrophile	0	0.30105071	530
GCA_009930795.1	motile2+	0	0.16	514
GCA_009936215.1	acidophile	0	0.08	341
GCA_009936215.1	gram-positive	0	0.10627801	365
GCA_009936215.1	spore-forming	0	0.03118184	359
GCA_009936215.1	aerobic	0	0.02301589	385
GCA_009936215.1	anaerobic	1	0.93127806	378
GCA_009936215.1	thermophile	1	0.82400129	375
GCA_009936215.1	psychrophile	0	0.02028047	375
GCA_009936215.1	motile2+	0	0.38916667	347
GCA_010725725.1	acidophile	0	0.02125	573
GCA_010725725.1	gram-positive	1	0.97420541	635
GCA_010725725.1	spore-forming	0	0.15787381	679
GCA_010725725.1	aerobic	1	0.83568709	658
GCA_010725725.1	anaerobic	0	0.02085404	648
GCA_010725725.1	thermophile	0	0.02708333	685
GCA_010725725.1	psychrophile	0	0.02175357	685
GCA_010725725.1	motile2+	0	0.005	663
GCA_010728525.1	acidophile	0	0.06216667	541
GCA_010728525.1	gram-positive	1	0.96872743	601
GCA_010728525.1	spore-forming	0	0.10130855	641
GCA_010728525.1	aerobic	1	0.82789428	624
GCA_010728525.1	anaerobic	0	0.02692641	616
GCA_010728525.1	thermophile	0	0.0	653
GCA_010728525.1	psychrophile	0	0.01537532	653
GCA_010728525.1	motile2+	0	0.00125	629
GCA_010729485.1	acidophile	0	0.045	491
GCA_010729485.1	gram-positive	1	0.94603525	550
GCA_010729485.1	spore-forming	0	0.08420532	589
GCA_010729485.1	aerobic	1	0.88714035	574
GCA_010729485.1	anaerobic	0	0.01446727	565
GCA_010729485.1	thermophile	0	0.005625	600
GCA_010729485.1	psychrophile	0	0.01921466	600
GCA_010729485.1	motile2+	0	0.015	576
GCA_010731115.1	acidophile	0	0.04	608
GCA_010731115.1	gram-positive	1	0.97104824	669
GCA_010731115.1	spore-forming	0	0.17846546	711
GCA_010731115.1	aerobic	1	0.88947397	686
GCA_010731115.1	anaerobic	0	0.0065816	678
GCA_010731115.1	thermophile	0	0.01	721
GCA_010731115.1	psychrophile	0	0.02313329	723
GCA_010731115.1	motile2+	0	0.005	690
GCA_011299095.1	acidophile	0	0.10952381	413
GCA_011299095.1	gram-positive	1	0.87544935	437
GCA_011299095.1	spore-forming	0	0.06066091	449
GCA_011299095.1	aerobic	0	0.06550692	460
GCA_011299095.1	anaerobic	0	0.12005076	453
GCA_011299095.1	thermophile	0	0.0280037	436
GCA_011299095.1	psychrophile	0	0.02195257	435
GCA_011299095.1	motile2+	0	0.48454545	412
GCA_011398155.1	acidophile	0	0.03	520
GCA_011398155.1	gram-positive	0	0.01	549
GCA_011398155.1	spore-forming	0	0.01660864	497
GCA_011398155.1	aerobic	0	0.43773765	560
GCA_011398155.1	anaerobic	0	0.22223984	554
GCA_011398155.1	thermophile	0	0.05102707	550
GCA_011398155.1	psychrophile	0	0.25028242	547
GCA_011398155.1	motile2+	1	0.73241739	487
GCA_011455695.1	acidophile	0	0.04	508
GCA_011455695.1	gram-positive	0	0.05803571	549
GCA_011455695.1	spore-forming	0	0.02217857	504
GCA_011455695.1	aerobic	0	0.24194117	588
GCA_011455695.1	anaerobic	0	0.05915029	580
GCA_011455695.1	thermophile	0	0.00500855	571
GCA_011455695.1	psychrophile	0	0.01138889	569
GCA_011455695.1	motile2+	0	0.065	490
GCA_011764585.1	acidophile	0	0.05125	646
GCA_011764585.1	gram-positive	0	0.00625	688
GCA_011764585.1	spore-forming	0	0.04641023	627
GCA_011764585.1	aerobic	0	0.37818638	714
GCA_011764585.1	anaerobic	0	0.23187744	708
GCA_011764585.1	thermophile	0	0.05133858	698
GCA_011764585.1	psychrophile	0	0.09326228	695
GCA_011764585.1	motile2+	1	0.73380567	594
GCA_012317585.1	acidophile	0	0.071	388
GCA_012317585.1	gram-positive	0	0.01088983	410
GCA_012317585.1	spore-forming	0	0.02662818	400
GCA_012317585.1	aerobic	0	0.00792653	434
GCA_012317585.1	anaerobic	1	0.95442105	426
GCA_012317585.1	thermophile	1	0.86408087	423
GCA_012317585.1	psychrophile	0	0.00036392	422
GCA_012317585.1	motile2+	1	0.67949234	383
GCA_013372125.1	acidophile	0	0.06716667	320
GCA_013372125.1	gram-positive	0	0.0520613	339
GCA_013372125.1	spore-forming	0	0.02969257	329
GCA_013372125.1	aerobic	0	0.02597399	363
GCA_013372125.1	anaerobic	0	0.29606358	351
GCA_013372125.1	thermophile	0	0.01110037	352
GCA_013372125.1	psychrophile	0	0.00053756	351
GCA_013372125.1	motile2+	1	0.69827827	313
GCA_013488225.1	acidophile	0	0.065	834
GCA_013488225.1	gram-positive	0	0.015	865
GCA_013488225.1	spore-forming	0	0.03531124	820
GCA_013488225.1	aerobic	1	0.89791489	862
GCA_013488225.1	anaerobic	0	0.04428241	857
GCA_013488225.1	thermophile	0	0.0053125	866
GCA_013488225.1	psychrophile	0	0.08519372	865
GCA_013488225.1	motile2+	1	0.75114263	770
GCA_014131695.1	acidophile	0	0.075	382
GCA_014131695.1	gram-positive	1	0.83935148	419
GCA_014131695.1	spore-forming	0	0.16568746	412
GCA_014131695.1	aerobic	0	0.00922724	440
GCA_014131695.1	anaerobic	1	0.94238046	429
GCA_014131695.1	thermophile	0	0.01086059	421
GCA_014131695.1	psychrophile	0	0.00030429	421
GCA_014131695.1	motile2+	0	0.06371795	408
GCA_014883875.1	acidophile	0	0.02	915
GCA_014883875.1	gram-positive	0	0.00611111	978
GCA_014883875.1	spore-forming	0	0.02308299	883
GCA_014883875.1	aerobic	1	0.97290286	983
GCA_014883875.1	anaerobic	0	0.01277156	986
GCA_014883875.1	thermophile	0	0.00166667	980
GCA_014883875.1	psychrophile	0	0.01337084	980
GCA_014883875.1	motile2+	1	0.84340394	832
GCA_014925285.1	acidophile	0	0.01	773
GCA_014925285.1	gram-positive	0	0.0	827
GCA_014925285.1	spore-forming	0	0.01545007	745
GCA_014925285.1	aerobic	1	0.84647342	842
GCA_014925285.1	anaerobic	0	0.01661117	843
GCA_014925285.1	thermophile	0	0.00333333	828
GCA_014925285.1	psychrophile	0	0.07049944	827
GCA_014925285.1	motile2+	1	0.79009862	732
GCA_015140235.1	acidophile	0	0.06375	328
GCA_015140235.1	gram-positive	1	0.7309331	361
GCA_015140235.1	spore-forming	0	0.25584438	364
GCA_015140235.1	aerobic	0	0.00625891	371
GCA_015140235.1	anaerobic	1	0.98713299	362
GCA_015140235.1	thermophile	0	0.05101316	358
GCA_015140235.1	psychrophile	0	0.00788849	357
GCA_015140235.1	motile2+	0	0.06967217	350
GCA_015160875.1	acidophile	0	0.085	720
GCA_015160875.1	gram-positive	1	0.96168346	787
GCA_015160875.1	spore-forming	1	0.79397175	866
GCA_015160875.1	aerobic	1	0.96104872	796
GCA_015160875.1	anaerobic	0	0.0046275	788
GCA_015160875.1	thermophile	0	0.005	840
GCA_015160875.1	psychrophile	0	0.03237838	841
GCA_015160875.1	motile2+	0	0.01	818
GCA_015219785.1	acidophile	0	0.07	333
GCA_015219785.1	gram-positive	0	0.07560297	353
GCA_015219785.1	spore-forming	0	0.06748495	342
GCA_015219785.1	aerobic	0	0.02563952	367
GCA_015219785.1	anaerobic	1	0.96420357	360
GCA_015219785.1	thermophile	0	0.08207457	353
GCA_015219785.1	psychrophile	0	0.03316821	353
GCA_015219785.1	motile2+	0	0.47181746	320
GCA_015277775.1	acidophile	0	0.225	690
GCA_015277775.1	gram-positive	0	0.04308908	730
GCA_015277775.1	spore-forming	0	0.08116209	713
GCA_015277775.1	aerobic	1	0.71977003	741
GCA_015277775.1	anaerobic	0	0.17729	731
GCA_015277775.1	thermophile	0	0.02787701	732
GCA_015277775.1	psychrophile	0	0.08979319	732
GCA_015277775.1	motile2+	0	0.32348485	710
GCA_015326545.1	acidophile	0	0.04875	464
GCA_015326545.1	gram-positive	1	0.92261228	504
GCA_015326545.1	spore-forming	0	0.07231677	520
GCA_015326545.1	aerobic	0	0.41373303	538
GCA_015326545.1	anaerobic	0	0.0201772	525
GCA_015326545.1	thermophile	0	0.005	510
GCA_015326545.1	psychrophile	0	0.01516626	509
GCA_015326545.1	motile2+	0	0.04433333	494
GCA_016446285.1	acidophile	0	0.0455	499
GCA_016446285.1	gram-positive	0	0.01099587	524
GCA_016446285.1	spore-forming	0	0.02568801	518
GCA_016446285.1	aerobic	0	0.04292636	554
GCA_016446285.1	anaerobic	1	0.89578495	543
GCA_016446285.1	thermophile	0	0.07579672	547
GCA_016446285.1	psychrophile	0	0.06795584	546
GCA_016446285.1	motile2+	1	0.62028201	488
GCA_016593255.1	acidophile	0	0.0705	388
GCA_016593255.1	gram-positive	0	0.01529437	415
GCA_016593255.1	spore-forming	0	0.0167131	397
GCA_016593255.1	aerobic	0	0.08268772	440
GCA_016593255.1	anaerobic	0	0.39258356	434
GCA_016593255.1	thermophile	1	0.51876753	430
GCA_016593255.1	psychrophile	0	0.02054048	428
GCA_016593255.1	motile2+	1	0.67251667	387
GCA_016889385.1	acidophile	0	0.055	453
GCA_016889385.1	gram-positive	0	0.04950311	491
GCA_016889385.1	spore-forming	0	0.02522727	447
GCA_016889385.1	aerobic	0	0.09461808	525
GCA_016889385.1	anaerobic	0	0.05685932	523
GCA_016889385.1	thermophile	0	0.015	512
GCA_016889385.1	psychrophile	0	0.01881726	510
GCA_016889385.1	motile2+	0	0.07090909	442
GCA_016925555.1	acidophile	0	0.1055	47
GCA_016925555.1	gram-positive	0	0.43808355	50
GCA_016925555.1	spore-forming	0	0.01077864	47
GCA_016925555.1	aerobic	0	0.32796397	48
GCA_016925555.1	anaerobic	0	0.05238267	48
GCA_016925555.1	thermophile	0	0.00554835	48
GCA_016925555.1	psychrophile	0	4.869e-05	48
GCA_016925555.1	motile2+	0	0.09496645	49
GCA_018459925.1	acidophile	0	0.025	566
GCA_018459925.1	gram-positive	1	0.97569193	617
GCA_018459925.1	spore-forming	0	0.15079443	657
GCA_018459925.1	aerobic	1	0.92799096	644
GCA_018459925.1	anaerobic	0	0.0029294	635
GCA_018459925.1	thermophile	0	0.015	657
GCA_018459925.1	psychrophile	0	0.03318604	657
GCA_018459925.1	motile2+	0	0.01	642
GCA_019175325.1	acidophile	0	0.23833333	227
GCA_019175325.1	gram-positive	0	0.13933347	244
GCA_019175325.1	spore-forming	0	0.05353927	245
GCA_019175325.1	aerobic	0	0.36243815	263
GCA_019175325.1	anaerobic	1	0.72603987	257
GCA_019175325.1	thermophile	1	0.93113594	252
GCA_019175325.1	psychrophile	0	0.00618251	252
GCA_019175325.1	motile2+	0	0.09064394	235
GCA_019285775.1	acidophile	0	0.03571429	529
GCA_019285775.1	gram-positive	1	0.93701706	587
GCA_019285775.1	spore-forming	0	0.22604251	629
GCA_019285775.1	aerobic	1	0.87584696	602
GCA_019285775.1	anaerobic	0	0.02851744	592
GCA_019285775.1	thermophile	0	0.00583333	633
GCA_019285775.1	psychrophile	0	0.01526385	632
GCA_019285775.1	motile2+	0	0.005	616
GCA_020310005.1	acidophile	0	0.005	553
GCA_020310005.1	gram-positive	0	0.01	577
GCA_020310005.1	spore-forming	0	0.0085	558
GCA_020310005.1	aerobic	1	0.92992242	591
GCA_020310005.1	anaerobic	0	0.05387966	587
GCA_020310005.1	thermophile	0	3.657e-05	572
GCA_020310005.1	psychrophile	0	0.19064314	569
GCA_020310005.1	motile2+	0	0.005	650
GCA_020735445.1	acidophile	0	0.03035714	365
GCA_020735445.1	gram-positive	0	0.04939159	397
GCA_020735445.1	spore-forming	0	0.01009822	385
GCA_020735445.1	aerobic	0	0.01161023	416
GCA_020735445.1	anaerobic	1	0.95959172	412
GCA_020735445.1	thermophile	0	0.00513327	401
GCA_020735445.1	psychrophile	0	0.00598933	401
GCA_020735445.1	motile2+	0	0.015	446
GCA_020735565.1	acidophile	0	0.03	332
GCA_020735565.1	gram-positive	0	0.03127699	355
GCA_020735565.1	spore-forming	0	0.00559205	340
GCA_020735565.1	aerobic	0	0.00772088	364
GCA_020735565.1	anaerobic	1	0.96785879	360
GCA_020735565.1	thermophile	0	0.02511647	358
GCA_020735565.1	psychrophile	0	0.00601262	358
GCA_020735565.1	motile2+	0	0.02072917	407
GCA_020906275.1	acidophile	0	0.005	586
GCA_020906275.1	gram-positive	0	0.01517241	613
GCA_020906275.1	spore-forming	0	0.01131404	580
GCA_020906275.1	aerobic	1	0.93446341	628
GCA_020906275.1	anaerobic	0	0.01296166	620
GCA_020906275.1	thermophile	0	0.01	618
GCA_020906275.1	psychrophile	0	0.03855627	616
GCA_020906275.1	motile2+	0	0.47544993	575
GCA_021613355.1	acidophile	0	0.01	754
GCA_021613355.1	gram-positive	0	0.01054795	810
GCA_021613355.1	spore-forming	0	0.01501529	729
GCA_021613355.1	aerobic	1	0.84425185	821
GCA_021613355.1	anaerobic	0	0.01579393	823
GCA_021613355.1	thermophile	0	0.00692982	810
GCA_021613355.1	psychrophile	0	0.09484985	807
GCA_021613355.1	motile2+	1	0.78933702	721
GCA_022430545.2	acidophile	0	0.0605	545
GCA_022430545.2	gram-positive	1	0.95631847	606
GCA_022430545.2	spore-forming	0	0.1314382	646
GCA_022430545.2	aerobic	1	0.84210378	626
GCA_022430545.2	anaerobic	0	0.02040902	618
GCA_022430545.2	thermophile	0	0.0112459	657
GCA_022430545.2	psychrophile	0	0.04553936	657
GCA_022430545.2	motile2+	0	0.01	636
GCA_022870485.1	acidophile	0	0.025	321
GCA_022870485.1	gram-positive	0	0.05890548	345
GCA_022870485.1	spore-forming	0	0.03946874	340
GCA_022870485.1	aerobic	1	0.82802814	368
GCA_022870485.1	anaerobic	0	0.0915396	362
GCA_022870485.1	thermophile	0	0.06599917	356
GCA_022870485.1	psychrophile	0	0.00136296	356
GCA_022870485.1	motile2+	0	0.02568182	337
GCA_022870985.1	acidophile	0	0.04027778	405
GCA_022870985.1	gram-positive	0	0.02601116	437
GCA_022870985.1	spore-forming	0	0.01568182	398
GCA_022870985.1	aerobic	0	0.38128214	467
GCA_022870985.1	anaerobic	0	0.0932191	460
GCA_022870985.1	thermophile	0	0.02982205	451
GCA_022870985.1	psychrophile	0	0.01726094	450
GCA_022870985.1	motile2+	0	0.15948389	407
GCA_023555375.1	acidophile	0	0.06	530
GCA_023555375.1	gram-positive	0	0.01521739	561
GCA_023555375.1	spore-forming	0	0.03582393	511
GCA_023555375.1	aerobic	1	0.52976901	578
GCA_023555375.1	anaerobic	0	0.21062249	572
GCA_023555375.1	thermophile	0	0.0832862	566
GCA_023555375.1	psychrophile	0	0.05717035	564
GCA_023555375.1	motile2+	1	0.72735743	499
GCA_024022995.1	acidophile	0	0.085625	241
GCA_024022995.1	gram-positive	0	0.10847278	256
GCA_024022995.1	spore-forming	0	0.05045316	248
GCA_024022995.1	aerobic	0	0.03878349	269
GCA_024022995.1	anaerobic	1	0.96459242	265
GCA_024022995.1	thermophile	1	0.90253803	262
GCA_024022995.1	psychrophile	0	6.117e-05	262
GCA_024022995.1	motile2+	0	0.27814394	249
GCA_024346755.1	acidophile	0	0.015	756
GCA_024346755.1	gram-positive	0	0.0	813
GCA_024346755.1	spore-forming	0	0.03177083	750
GCA_024346755.1	aerobic	0	0.23434734	846
GCA_024346755.1	anaerobic	0	0.09675675	850
GCA_024346755.1	thermophile	0	0.0202724	837
GCA_024346755.1	psychrophile	0	0.08910774	834
GCA_024346755.1	motile2+	1	0.79661306	707
GCA_024346975.1	acidophile	0	0.01	664
GCA_024346975.1	gram-positive	0	0.0	717
GCA_024346975.1	spore-forming	0	0.01003597	648
GCA_024346975.1	aerobic	0	0.21597555	745
GCA_024346975.1	anaerobic	0	0.05252085	747
GCA_024346975.1	thermophile	0	0.00025641	734
GCA_024346975.1	psychrophile	0	0.0539091	729
GCA_024346975.1	motile2+	0	0.21361197	642
GCA_024347075.1	acidophile	0	0.015	646
GCA_024347075.1	gram-positive	0	0.0	697
GCA_024347075.1	spore-forming	0	0.01003597	628
GCA_024347075.1	aerobic	0	0.27249957	726
GCA_024347075.1	anaerobic	0	0.0742987	727
GCA_024347075.1	thermophile	0	0.005	712
GCA_024347075.1	psychrophile	0	0.10796732	708
GCA_024347075.1	motile2+	0	0.18498272	618
GCA_024347575.1	acidophile	0	0.02	795
GCA_024347575.1	gram-positive	0	0.0075	855
GCA_024347575.1	spore-forming	0	0.01017083	771
GCA_024347575.1	aerobic	0	0.32244746	876
GCA_024347575.1	anaerobic	0	0.04190411	881
GCA_024347575.1	thermophile	0	0.02035714	869
GCA_024347575.1	psychrophile	0	0.06076644	864
GCA_024347575.1	motile2+	1	0.80765826	732
GCA_024347595.1	acidophile	0	0.01	805
GCA_024347595.1	gram-positive	0	0.0	865
GCA_024347595.1	spore-forming	0	0.02017083	784
GCA_024347595.1	aerobic	0	0.25921339	887
GCA_024347595.1	anaerobic	0	0.01991183	892
GCA_024347595.1	thermophile	0	0.00535714	879
GCA_024347595.1	psychrophile	0	0.04859146	873
GCA_024347595.1	motile2+	1	0.8439293	744
GCA_025264685.1	acidophile	0	0.04	693
GCA_025264685.1	gram-positive	1	0.9573701	756
GCA_025264685.1	spore-forming	1	0.69399383	822
GCA_025264685.1	aerobic	1	0.93141048	767
GCA_025264685.1	anaerobic	0	0.04832466	757
GCA_025264685.1	thermophile	0	0.02390523	804
GCA_025264685.1	psychrophile	0	0.03327551	802
GCA_025264685.1	motile2+	0	0.23	763
GCA_025264725.1	acidophile	0	0.04	729
GCA_025264725.1	gram-positive	1	0.96439102	789
GCA_025264725.1	spore-forming	1	0.71711252	867
GCA_025264725.1	aerobic	1	0.94057495	795
GCA_025264725.1	anaerobic	0	0.03092143	784
GCA_025264725.1	thermophile	0	0.015	835
GCA_025264725.1	psychrophile	0	0.03248204	834
GCA_025264725.1	motile2+	0	0.205	808
GCA_025837015.1	acidophile	0	0.06	382
GCA_025837015.1	gram-positive	0	0.23811951	412
GCA_025837015.1	spore-forming	0	0.0359735	403
GCA_025837015.1	aerobic	0	0.0287721	434
GCA_025837015.1	anaerobic	1	0.95364147	427
GCA_025837015.1	thermophile	1	0.52544098	419
GCA_025837015.1	psychrophile	0	0.02232198	418
GCA_025837015.1	motile2+	0	0.45242857	387
GCA_025914035.1	acidophile	0	0.05368056	266
GCA_025914035.1	gram-positive	0	0.05368058	282
GCA_025914035.1	spore-forming	0	0.02501992	272
GCA_025914035.1	aerobic	0	0.02691164	291
GCA_025914035.1	anaerobic	1	0.9821232	290
GCA_025914035.1	thermophile	0	0.14823627	284
GCA_025914035.1	psychrophile	0	0.0054094	284
GCA_025914035.1	motile2+	0	0.07083333	279
GCA_025999835.1	acidophile	0	0.095	568
GCA_025999835.1	gram-positive	1	0.60661132	599
GCA_025999835.1	spore-forming	1	0.58686822	615
GCA_025999835.1	aerobic	1	0.50319422	638
GCA_025999835.1	anaerobic	0	0.35433286	621
GCA_025999835.1	thermophile	1	0.66883403	610
GCA_025999835.1	psychrophile	0	0.0527977	610
GCA_025999835.1	motile2+	1	0.57174684	559
GCA_026000375.1	acidophile	0	0.03166667	508
GCA_026000375.1	gram-positive	0	0.01517241	534
GCA_026000375.1	spore-forming	0	0.02124356	515
GCA_026000375.1	aerobic	0	0.06424788	558
GCA_026000375.1	anaerobic	1	0.98834917	548
GCA_026000375.1	thermophile	0	0.10111719	540
GCA_026000375.1	psychrophile	0	0.01300984	539
GCA_026000375.1	motile2+	1	0.80100861	490
GCA_026651875.1	acidophile	0	0.38833333	621
GCA_026651875.1	gram-positive	1	0.68472315	662
GCA_026651875.1	spore-forming	1	0.722311	692
GCA_026651875.1	aerobic	1	0.73115658	697
GCA_026651875.1	anaerobic	0	0.06687937	684
GCA_026651875.1	thermophile	0	0.21206791	675
GCA_026651875.1	psychrophile	0	0.05022646	674
GCA_026651875.1	motile2+	1	0.65415719	629
GCA_026684035.1	acidophile	0	0.05229167	258
GCA_026684035.1	gram-positive	0	0.08436686	271
GCA_026684035.1	spore-forming	0	0.00564492	262
GCA_026684035.1	aerobic	0	0.02395041	280
GCA_026684035.1	anaerobic	1	0.9458567	278
GCA_026684035.1	thermophile	0	0.19643177	271
GCA_026684035.1	psychrophile	0	0.00109185	271
GCA_026684035.1	motile2+	0	0.08626667	269
GCA_026735135.1	acidophile	0	0.02	520
GCA_026735135.1	gram-positive	0	0.44668278	547
GCA_026735135.1	spore-forming	1	0.66459044	571
GCA_026735135.1	aerobic	0	0.00427629	581
GCA_026735135.1	anaerobic	1	0.94248425	572
GCA_026735135.1	thermophile	0	0.10844986	559
GCA_026735135.1	psychrophile	0	0.04771051	559
GCA_026735135.1	motile2+	1	0.72661122	513
GCA_026735165.1	acidophile	0	0.015	570
GCA_026735165.1	gram-positive	0	0.44217769	603
GCA_026735165.1	spore-forming	1	0.52397487	631
GCA_026735165.1	aerobic	0	0.00735015	643
GCA_026735165.1	anaerobic	1	0.98304297	635
GCA_026735165.1	thermophile	0	0.106369	621
GCA_026735165.1	psychrophile	0	0.08522707	620
GCA_026735165.1	motile2+	1	0.81076981	556
GCA_027118995.1	acidophile	0	0.1055	476
GCA_027118995.1	gram-positive	0	0.035	523
GCA_027118995.1	spore-forming	0	0.03913934	476
GCA_027118995.1	aerobic	0	0.18059074	554
GCA_027118995.1	anaerobic	1	0.70831993	544
GCA_027118995.1	thermophile	0	0.06596032	533
GCA_027118995.1	psychrophile	0	0.03014209	532
GCA_027118995.1	motile2+	1	0.54967412	450
GCA_027626975.1	acidophile	0	0.05607143	706
GCA_027626975.1	gram-positive	1	0.97231066	772
GCA_027626975.1	spore-forming	1	0.86274655	854
GCA_027626975.1	aerobic	1	0.93016753	787
GCA_027626975.1	anaerobic	0	0.01532826	779
GCA_027626975.1	thermophile	0	0.0	828
GCA_027626975.1	psychrophile	0	0.01293129	829
GCA_027626975.1	motile2+	0	0.01	799
GCA_027942015.1	acidophile	0	0.03022727	692
GCA_027942015.1	gram-positive	1	0.97111819	761
GCA_027942015.1	spore-forming	1	0.78969915	836
GCA_027942015.1	aerobic	1	0.94122262	773
GCA_027942015.1	anaerobic	0	0.02050238	762
GCA_027942015.1	thermophile	0	0.005	813
GCA_027942015.1	psychrophile	0	0.01668905	814
GCA_027942015.1	motile2+	0	0.0	790
GCA_028532485.1	acidophile	0	0.05	491
GCA_028532485.1	gram-positive	1	0.81519179	526
GCA_028532485.1	spore-forming	0	0.09770693	541
GCA_028532485.1	aerobic	1	0.89977321	550
GCA_028532485.1	anaerobic	0	0.1057837	543
GCA_028532485.1	thermophile	0	0.02291667	552
GCA_028532485.1	psychrophile	0	0.05162107	550
GCA_028532485.1	motile2+	0	0.02	540
GCA_028553725.1	acidophile	0	0.041	690
GCA_028553725.1	gram-positive	0	0.01	721
GCA_028553725.1	spore-forming	0	0.01346541	679
GCA_028553725.1	aerobic	1	0.90691757	733
GCA_028553725.1	anaerobic	0	0.02419874	725
GCA_028553725.1	thermophile	0	0.00257576	728
GCA_028553725.1	psychrophile	0	0.0357799	726
GCA_028553725.1	motile2+	0	0.42621521	656
GCA_028553805.1	acidophile	0	0.05666667	690
GCA_028553805.1	gram-positive	0	0.015	719
GCA_028553805.1	spore-forming	0	0.01717051	678
GCA_028553805.1	aerobic	1	0.90618344	724
GCA_028553805.1	anaerobic	0	0.01736637	716
GCA_028553805.1	thermophile	0	0.011875	720
GCA_028553805.1	psychrophile	0	0.09530442	720
GCA_028553805.1	motile2+	0	0.44292608	653
GCA_028735875.1	acidophile	0	0.015	646
GCA_028735875.1	gram-positive	1	0.86692293	686
GCA_028735875.1	spore-forming	1	0.87201816	730
GCA_028735875.1	aerobic	1	0.82051677	720
GCA_028735875.1	anaerobic	0	0.0210373	706
GCA_028735875.1	thermophile	0	0.02259227	692
GCA_028735875.1	psychrophile	0	0.03154676	692
GCA_028735875.1	motile2+	1	0.82790998	638
GCA_029026145.1	acidophile	0	0.055	555
GCA_029026145.1	gram-positive	0	0.00536445	590
GCA_029026145.1	spore-forming	0	0.03519307	549
GCA_029026145.1	aerobic	0	0.23779426	617
GCA_029026145.1	anaerobic	0	0.05843689	611
GCA_029026145.1	thermophile	0	0.015	609
GCA_029026145.1	psychrophile	0	0.03097604	608
GCA_029026145.1	motile2+	0	0.37216753	526
GCA_029030725.1	acidophile	0	0.0405	581
GCA_029030725.1	gram-positive	0	0.01625	615
GCA_029030725.1	spore-forming	0	0.05353562	577
GCA_029030725.1	aerobic	1	0.62240472	626
GCA_029030725.1	anaerobic	0	0.16230805	615
GCA_029030725.1	thermophile	0	0.02029622	619
GCA_029030725.1	psychrophile	0	0.00919368	617
GCA_029030725.1	motile2+	1	0.62457196	546
GCA_029625435.1	acidophile	0	0.09778139	259
GCA_029625435.1	gram-positive	1	0.93972901	300
GCA_029625435.1	spore-forming	0	0.02548119	300
GCA_029625435.1	aerobic	0	0.10597467	314
GCA_029625435.1	anaerobic	0	0.35355739	309
GCA_029625435.1	thermophile	0	0.02391667	321
GCA_029625435.1	psychrophile	0	0.01054058	321
GCA_029625435.1	motile2+	0	0.05833333	304
GCA_029714185.1	acidophile	0	0.015	678
GCA_029714185.1	gram-positive	1	0.83856882	715
GCA_029714185.1	spore-forming	1	0.82954688	761
GCA_029714185.1	aerobic	1	0.82124928	747
GCA_029714185.1	anaerobic	0	0.02114627	735
GCA_029714185.1	thermophile	0	0.07098157	719
GCA_029714185.1	psychrophile	0	0.03405375	717
GCA_029714185.1	motile2+	1	0.81220064	671
GCA_029773605.1	acidophile	0	0.06125	440
GCA_029773605.1	gram-positive	0	0.04458092	471
GCA_029773605.1	spore-forming	0	0.02	433
GCA_029773605.1	aerobic	0	0.17317392	504
GCA_029773605.1	anaerobic	0	0.26867553	499
GCA_029773605.1	thermophile	0	0.0344359	493
GCA_029773605.1	psychrophile	0	0.04594506	490
GCA_029773605.1	motile2+	0	0.10611111	430
GCA_030067815.1	acidophile	0	0.035	539
GCA_030067815.1	gram-positive	1	0.75127786	570
GCA_030067815.1	spore-forming	1	0.62120633	605
GCA_030067815.1	aerobic	1	0.8243965	596
GCA_030067815.1	anaerobic	0	0.03706405	586
GCA_030067815.1	thermophile	0	0.06870584	574
GCA_030067815.1	psychrophile	0	0.06284776	573
GCA_030067815.1	motile2+	1	0.62431976	536
GCA_030296575.1	acidophile	0	0.015	455
GCA_030296575.1	gram-positive	1	0.92988806	507
GCA_030296575.1	spore-forming	0	0.03277815	537
GCA_030296575.1	aerobic	1	0.65729657	528
GCA_030296575.1	anaerobic	0	0.10156996	519
GCA_030296575.1	thermophile	0	0.005	545
GCA_030296575.1	psychrophile	0	0.02683924	545
GCA_030296575.1	motile2+	0	0.005	545
GCA_030296715.1	acidophile	0	0.065625	247
GCA_030296715.1	gram-positive	0	0.2253339	265
GCA_030296715.1	spore-forming	0	0.02789492	263
GCA_030296715.1	aerobic	0	0.01419567	280
GCA_030296715.1	anaerobic	1	0.97978308	279
GCA_030296715.1	thermophile	0	0.24921158	273
GCA_030296715.1	psychrophile	0	0.0104465	273
GCA_030296715.1	motile2+	0	0.10375	258
GCA_030408575.1	acidophile	0	0.03625	359
GCA_030408575.1	gram-positive	1	0.9518213	405
GCA_030408575.1	spore-forming	0	0.01718347	418
GCA_030408575.1	aerobic	1	0.56724069	421
GCA_030408575.1	anaerobic	0	0.05780641	413
GCA_030408575.1	thermophile	0	0.00521666	434
GCA_030408575.1	psychrophile	0	0.02556212	434
GCA_030408575.1	motile2+	0	0.02	425
GCA_030408715.1	acidophile	0	0.03625	360
GCA_030408715.1	gram-positive	1	0.94055828	409
GCA_030408715.1	spore-forming	0	0.00848933	421
GCA_030408715.1	aerobic	0	0.30912438	424
GCA_030408715.1	anaerobic	0	0.0846814	416
GCA_030408715.1	thermophile	0	0.005	438
GCA_030408715.1	psychrophile	0	0.01324767	438
GCA_030408715.1	motile2+	0	0.025	427
GCA_030644225.1	acidophile	0	0.0775	417
GCA_030644225.1	gram-positive	0	0.12519853	440
GCA_030644225.1	spore-forming	0	0.10273948	437
GCA_030644225.1	aerobic	0	0.01228703	471
GCA_030644225.1	anaerobic	1	0.92949062	459
GCA_030644225.1	thermophile	0	0.12453789	454
GCA_030644225.1	psychrophile	0	0.01234638	454
GCA_030644225.1	motile2+	1	0.5406	399
GCA_030811115.1	acidophile	0	0.09022222	287
GCA_030811115.1	gram-positive	1	0.77255265	314
GCA_030811115.1	spore-forming	0	0.00949397	302
GCA_030811115.1	aerobic	0	0.03211689	334
GCA_030811115.1	anaerobic	1	0.83224959	323
GCA_030811115.1	thermophile	0	0.04254006	316
GCA_030811115.1	psychrophile	0	0.04150963	316
GCA_030811115.1	motile2+	0	0.04375	313
GCA_030812875.1	acidophile	0	0.05736111	298
GCA_030812875.1	gram-positive	1	0.77022234	319
GCA_030812875.1	spore-forming	0	0.05544692	315
GCA_030812875.1	aerobic	0	0.00850496	337
GCA_030812875.1	anaerobic	1	0.95460924	333
GCA_030812875.1	thermophile	0	0.05082608	319
GCA_030812875.1	psychrophile	0	0.00523196	319
GCA_030812875.1	motile2+	0	0.054	310
GCA_030813115.1	acidophile	0	0.04	652
GCA_030813115.1	gram-positive	1	0.72084944	682
GCA_030813115.1	spore-forming	1	0.84714052	730
GCA_030813115.1	aerobic	1	0.82930834	722
GCA_030813115.1	anaerobic	0	0.04821699	708
GCA_030813115.1	thermophile	0	0.1373924	692
GCA_030813115.1	psychrophile	0	0.03224151	692
GCA_030813115.1	motile2+	1	0.8647236	648
GCA_040105105.1	acidophile	0	0.035	758
GCA_040105105.1	gram-positive	0	0.01185036	806
GCA_040105105.1	spore-forming	0	0.03920334	733
GCA_040105105.1	aerobic	1	0.79102843	817
GCA_040105105.1	anaerobic	0	0.05988817	811
GCA_040105105.1	thermophile	0	0.02560687	814
GCA_040105105.1	psychrophile	0	0.25135294	812
GCA_040105105.1	motile2+	0	0.30623929	713
GCA_040545925.1	acidophile	0	0.005	494
GCA_040545925.1	gram-positive	1	0.83455666	528
GCA_040545925.1	spore-forming	1	0.65219946	556
GCA_040545925.1	aerobic	1	0.85636642	561
GCA_040545925.1	anaerobic	0	0.01895292	548
GCA_040545925.1	thermophile	0	0.03835784	531
GCA_040545925.1	psychrophile	0	0.0192375	531
GCA_040545925.1	motile2+	1	0.78947993	495
GCA_041428605.1	acidophile	0	0.02	618
GCA_041428605.1	gram-positive	0	0.08222912	660
GCA_041428605.1	spore-forming	1	0.54854817	666
GCA_041428605.1	aerobic	0	0.03017624	702
GCA_041428605.1	anaerobic	1	0.98821889	692
GCA_041428605.1	thermophile	0	0.04580787	677
GCA_041428605.1	psychrophile	0	0.01464881	677
GCA_041428605.1	motile2+	1	0.70275038	599
GCA_041428845.1	acidophile	0	0.015	659
GCA_041428845.1	gram-positive	0	0.12408357	699
GCA_041428845.1	spore-forming	1	0.60331972	714
GCA_041428845.1	aerobic	0	0.0532287	749
GCA_041428845.1	anaerobic	1	0.96366626	739
GCA_041428845.1	thermophile	0	0.06183302	723
GCA_041428845.1	psychrophile	0	0.06242472	722
GCA_041428845.1	motile2+	1	0.70778846	639
GCA_041428895.1	acidophile	0	0.01	682
GCA_041428895.1	gram-positive	0	0.11297136	722
GCA_041428895.1	spore-forming	1	0.59829061	738
GCA_041428895.1	aerobic	0	0.05564626	767
GCA_041428895.1	anaerobic	1	0.95892644	757
GCA_041428895.1	thermophile	0	0.07809369	744
GCA_041428895.1	psychrophile	0	0.06429723	743
GCA_041428895.1	motile2+	1	0.71196519	664
GCA_041893865.1	acidophile	0	0.03	594
GCA_041893865.1	gram-positive	0	0.015	621
GCA_041893865.1	spore-forming	0	0.03186002	590
GCA_041893865.1	aerobic	1	0.94986833	630
GCA_041893865.1	anaerobic	0	0.04793601	622
GCA_041893865.1	thermophile	0	0.00534884	621
GCA_041893865.1	psychrophile	0	0.03575628	622
GCA_041893865.1	motile2+	1	0.59209946	579
GCA_042643265.1	acidophile	0	0.02	625
GCA_042643265.1	gram-positive	1	0.89757395	659
GCA_042643265.1	spore-forming	1	0.73458927	700
GCA_042643265.1	aerobic	1	0.84349183	690
GCA_042643265.1	anaerobic	0	0.02400903	678
GCA_042643265.1	thermophile	0	0.0445599	667
GCA_042643265.1	psychrophile	0	0.02552885	667
GCA_042643265.1	motile2+	1	0.84882224	620
GCA_042649925.1	acidophile	0	0.025	659
GCA_042649925.1	gram-positive	0	0.0	718
GCA_042649925.1	spore-forming	0	0.02557085	648
GCA_042649925.1	aerobic	0	0.24952934	751
GCA_042649925.1	anaerobic	0	0.15368077	754
GCA_042649925.1	thermophile	0	0.01560799	739
GCA_042649925.1	psychrophile	0	0.06815099	735
GCA_042649925.1	motile2+	1	0.72071958	623
GCA_042655625.1	acidophile	0	0.035	699
GCA_042655625.1	gram-positive	0	0.015	731
GCA_042655625.1	spore-forming	0	0.03835209	685
GCA_042655625.1	aerobic	1	0.91228501	734
GCA_042655625.1	anaerobic	0	0.02229266	725
GCA_042655625.1	thermophile	0	0.00546078	728
GCA_042655625.1	psychrophile	0	0.03202318	730
GCA_042655625.1	motile2+	1	0.63239655	655
GCA_043193855.2	acidophile	0	0.02	759
GCA_043193855.2	gram-positive	0	0.02032258	787
GCA_043193855.2	spore-forming	0	0.04562932	739
GCA_043193855.2	aerobic	1	0.86451519	792
GCA_043193855.2	anaerobic	0	0.14738879	784
GCA_043193855.2	thermophile	0	0.00018749	788
GCA_043193855.2	psychrophile	0	0.05481676	789
GCA_043193855.2	motile2+	1	0.58717088	708
GCA_045689355.1	acidophile	0	0.0925	193
GCA_045689355.1	gram-positive	0	0.17968399	205
GCA_045689355.1	spore-forming	0	0.01559135	205
GCA_045689355.1	aerobic	0	0.06188058	213
GCA_045689355.1	anaerobic	1	0.85365938	212
GCA_045689355.1	thermophile	0	0.20070592	208
GCA_045689355.1	psychrophile	0	0.01284048	208
GCA_045689355.1	motile2+	0	0.16459524	206
GCA_046058945.1	acidophile	0	0.08375	384
GCA_046058945.1	gram-positive	1	0.92829491	406
GCA_046058945.1	spore-forming	0	0.11633417	423
GCA_046058945.1	aerobic	0	0.13147671	434
GCA_046058945.1	anaerobic	0	0.06738539	418
GCA_046058945.1	thermophile	0	0.01035354	407
GCA_046058945.1	psychrophile	0	0.01346176	407
GCA_046058945.1	motile2+	0	0.05468427	399
GCA_046774955.1	acidophile	0	0.05	579
GCA_046774955.1	gram-positive	0	0.38792617	620
GCA_046774955.1	spore-forming	0	0.0875	622
GCA_046774955.1	aerobic	1	0.87633563	635
GCA_046774955.1	anaerobic	0	0.03952506	626
GCA_046774955.1	thermophile	0	0.0733725	621
GCA_046774955.1	psychrophile	0	0.11158344	621
GCA_046774955.1	motile2+	0	0.01333333	606
GCA_047456275.1	acidophile	0	0.04125	481
GCA_047456275.1	gram-positive	1	0.57866484	515
GCA_047456275.1	spore-forming	0	0.27657282	509
GCA_047456275.1	aerobic	0	0.01813173	538
GCA_047456275.1	anaerobic	1	0.98939734	533
GCA_047456275.1	thermophile	0	0.03129996	519
GCA_047456275.1	psychrophile	0	0.14779757	518
GCA_047456275.1	motile2+	1	0.56079167	480
GCA_048565275.1	acidophile	0	0.04	724
GCA_048565275.1	gram-positive	0	0.03030303	764
GCA_048565275.1	spore-forming	0	0.0516089	740
GCA_048565275.1	aerobic	0	0.14604925	795
GCA_048565275.1	anaerobic	1	0.90092106	788
GCA_048565275.1	thermophile	0	0.10198355	782
GCA_048565275.1	psychrophile	0	0.072629	780
GCA_048565275.1	motile2+	1	0.65148701	707
GCA_048629425.1	acidophile	0	0.31895833	503
GCA_048629425.1	gram-positive	0	0.03017241	535
GCA_048629425.1	spore-forming	0	0.03143279	530
GCA_048629425.1	aerobic	0	0.45690851	559
GCA_048629425.1	anaerobic	0	0.37916664	550
GCA_048629425.1	thermophile	0	0.05205576	551
GCA_048629425.1	psychrophile	0	0.06836794	550
GCA_048629425.1	motile2+	0	0.35918561	524
GCA_049103755.1	acidophile	0	0.055	439
GCA_049103755.1	gram-positive	1	0.83115952	472
GCA_049103755.1	spore-forming	0	0.08393474	490
GCA_049103755.1	aerobic	1	0.81841772	504
GCA_049103755.1	anaerobic	0	0.11141261	495
GCA_049103755.1	thermophile	0	0.0267984	502
GCA_049103755.1	psychrophile	0	0.03728143	501
GCA_049103755.1	motile2+	0	0.04	490
GCA_900097105.1	acidophile	0	0.07055556	317
GCA_900097105.1	gram-positive	0	0.04662479	353
GCA_900097105.1	spore-forming	0	0.02100965	338
GCA_900097105.1	aerobic	0	0.15125368	377
GCA_900097105.1	anaerobic	1	0.91275985	366
GCA_900097105.1	thermophile	0	0.04472363	362
GCA_900097105.1	psychrophile	0	0.03745617	362
GCA_900097105.1	motile2+	0	0.04688312	340
GCA_900101785.1	acidophile	0	0.025	539
GCA_900101785.1	gram-positive	1	0.95798154	599
GCA_900101785.1	spore-forming	0	0.09810352	632
GCA_900101785.1	aerobic	1	0.91026494	610
GCA_900101785.1	anaerobic	0	0.03862989	601
GCA_900101785.1	thermophile	0	0.01	634
GCA_900101785.1	psychrophile	0	0.02287177	634
GCA_900101785.1	motile2+	0	0.0	629
GCA_900103875.1	acidophile	0	0.015	950
GCA_900103875.1	gram-positive	0	0.00611111	1008
GCA_900103875.1	spore-forming	0	0.04369936	912
GCA_900103875.1	aerobic	1	0.95996925	1018
GCA_900103875.1	anaerobic	0	0.0148212	1023
GCA_900103875.1	thermophile	0	0.005	1013
GCA_900103875.1	psychrophile	0	0.03455212	1012
GCA_900103875.1	motile2+	1	0.84903029	867
GCA_900176005.1	acidophile	0	0.05	540
GCA_900176005.1	gram-positive	1	0.60163386	572
GCA_900176005.1	spore-forming	1	0.57258545	581
GCA_900176005.1	aerobic	0	0.02514386	613
GCA_900176005.1	anaerobic	1	0.9636417	603
GCA_900176005.1	thermophile	1	0.78845041	589
GCA_900176005.1	psychrophile	0	0.00790605	588
GCA_900176005.1	motile2+	1	0.59525807	525
GCA_900187125.1	acidophile	0	0.02	563
GCA_900187125.1	gram-positive	0	0.05850598	594
GCA_900187125.1	spore-forming	0	0.01035314	579
GCA_900187125.1	aerobic	1	0.92385969	606
GCA_900187125.1	anaerobic	0	0.04074089	597
GCA_900187125.1	thermophile	0	0.00511645	588
GCA_900187125.1	psychrophile	0	0.06395934	586
GCA_900187125.1	motile2+	0	0.00886667	655
GCA_900187205.1	acidophile	0	0.04	790
GCA_900187205.1	gram-positive	0	0.01111111	869
GCA_900187205.1	spore-forming	0	0.03260648	789
GCA_900187205.1	aerobic	1	0.92122102	882
GCA_900187205.1	anaerobic	0	0.0063092	874
GCA_900187205.1	thermophile	0	0.00940217	868
GCA_900187205.1	psychrophile	0	0.03072576	871
GCA_900187205.1	motile2+	1	0.81017819	745
GCA_900187215.1	acidophile	0	0.02625	348
GCA_900187215.1	gram-positive	1	0.95706608	398
GCA_900187215.1	spore-forming	0	0.03534248	414
GCA_900187215.1	aerobic	0	0.43892112	413
GCA_900187215.1	anaerobic	0	0.0433362	406
GCA_900187215.1	thermophile	0	0.005	425
GCA_900187215.1	psychrophile	0	0.00829547	425
GCA_900187215.1	motile2+	0	0.025	418
GCA_900187285.1	acidophile	0	0.015	369
GCA_900187285.1	gram-positive	0	0.03206433	405
GCA_900187285.1	spore-forming	0	0.0309783	405
GCA_900187285.1	aerobic	0	0.04250445	445
GCA_900187285.1	anaerobic	1	0.94559982	434
GCA_900187285.1	thermophile	0	0.01831384	424
GCA_900187285.1	psychrophile	0	0.00590449	423
GCA_900187285.1	motile2+	0	0.03811742	392
GCA_900492555.1	acidophile	0	0.33712302	386
GCA_900492555.1	gram-positive	1	0.95995989	404
GCA_900492555.1	spore-forming	0	0.01117089	424
GCA_900492555.1	aerobic	0	0.06485459	434
GCA_900492555.1	anaerobic	0	0.10275104	424
GCA_900492555.1	thermophile	0	0.00028302	408
GCA_900492555.1	psychrophile	0	0.00210454	408
GCA_900492555.1	motile2+	0	0.01	400
GCA_900635475.1	acidophile	0	0.035	802
GCA_900635475.1	gram-positive	0	0.00521739	868
GCA_900635475.1	spore-forming	0	0.04227304	794
GCA_900635475.1	aerobic	0	0.37480551	900
GCA_900635475.1	anaerobic	0	0.04272272	906
GCA_900635475.1	thermophile	0	0.0	897
GCA_900635475.1	psychrophile	0	0.0386442	896
GCA_900635475.1	motile2+	1	0.68045208	747
GCA_900637655.1	acidophile	0	0.05	343
GCA_900637655.1	gram-positive	0	0.03588797	362
GCA_900637655.1	spore-forming	0	0.00509822	353
GCA_900637655.1	aerobic	0	0.00767293	382
GCA_900637655.1	anaerobic	1	0.98384463	375
GCA_900637655.1	thermophile	0	0.01505787	367
GCA_900637655.1	psychrophile	0	0.00013776	367
GCA_900637655.1	motile2+	0	0.03572917	417
GCA_900637725.1	acidophile	0	0.05376984	391
GCA_900637725.1	gram-positive	1	0.90910717	441
GCA_900637725.1	spore-forming	0	0.09654102	450
GCA_900637725.1	aerobic	0	0.15417514	458
GCA_900637725.1	anaerobic	0	0.36709654	448
GCA_900637725.1	thermophile	0	0.02028927	466
GCA_900637725.1	psychrophile	0	0.00063716	466
GCA_900637725.1	motile2+	0	0.035	448
GCA_900660485.1	acidophile	0	0.083	58
GCA_900660485.1	gram-positive	0	0.44195627	61
GCA_900660485.1	spore-forming	0	0.01077864	59
GCA_900660485.1	aerobic	0	0.20740943	61
GCA_900660485.1	anaerobic	0	0.02902811	61
GCA_900660485.1	thermophile	0	0.00016626	60
GCA_900660485.1	psychrophile	0	9.971e-05	60
GCA_900660485.1	motile2+	0	0.08829978	56
GCA_902498835.1	acidophile	0	0.09519737	132
GCA_902498835.1	gram-positive	0	0.12475575	144
GCA_902498835.1	spore-forming	0	0.02005642	140
GCA_902498835.1	aerobic	0	0.18788029	159
GCA_902498835.1	anaerobic	0	0.30827382	153
GCA_902498835.1	thermophile	0	0.01546633	151
GCA_902498835.1	psychrophile	0	0.00053239	150
GCA_902498835.1	motile2+	0	0.299375	142
GCA_904831005.1	acidophile	0	0.03041667	466
GCA_904831005.1	gram-positive	1	0.94900221	521
GCA_904831005.1	spore-forming	0	0.03034653	531
GCA_904831005.1	aerobic	1	0.91440136	540
GCA_904831005.1	anaerobic	0	0.00570201	531
GCA_904831005.1	thermophile	0	0.00513439	549
GCA_904831005.1	psychrophile	0	0.05428829	548
GCA_904831005.1	motile2+	0	0.175	535
GCA_940677205.1	acidophile	0	0.075	343
GCA_940677205.1	gram-positive	1	0.75524676	363
GCA_940677205.1	spore-forming	0	0.26094878	365
GCA_940677205.1	aerobic	0	0.01008835	379
GCA_940677205.1	anaerobic	1	0.94047807	370
GCA_940677205.1	thermophile	0	0.08040668	361
GCA_940677205.1	psychrophile	0	0.0317262	360
GCA_940677205.1	motile2+	1	0.60117045	336
